#
# There is insufficient memory for the Java Runtime Environment to continue.
# Native memory allocation (malloc) failed to allocate 1078256 bytes. Error detail: Chunk::new
# Possible reasons:
#   The system is out of physical RAM or swap space
#   This process is running with CompressedOops enabled, and the Java Heap may be blocking the growth of the native heap
# Possible solutions:
#   Reduce memory load on the system
#   Increase physical memory or swap space
#   Check if swap backing store is full
#   Decrease Java heap size (-Xmx/-Xms)
#   Decrease number of Java threads
#   Decrease Java thread stack sizes (-Xss)
#   Set larger code cache with -XX:ReservedCodeCacheSize=
#   JVM is running with Unscaled Compressed Oops mode in which the Java heap is
#     placed in the first 4GB address space. The Java Heap base address is the
#     maximum limit for the native heap growth. Please use -XX:HeapBaseMinAddress
#     to set the Java Heap base and to place the Java Heap above 4GB virtual address.
# This output file may be truncated or incomplete.
#
#  Out of Memory Error (arena.cpp:168), pid=9656, tid=7396
#
# JRE version: OpenJDK Runtime Environment (21.0.8) (build 21.0.8+-14196175-b1038.72)
# Java VM: OpenJDK 64-Bit Server VM (21.0.8+-14196175-b1038.72, mixed mode, tiered, compressed oops, compressed class ptrs, g1 gc, windows-amd64)
# No core dump will be written. Minidumps are not enabled by default on client versions of Windows
#

---------------  S U M M A R Y ------------

Command Line: --add-opens=java.base/java.lang=ALL-UNNAMED --add-opens=java.base/java.lang.invoke=ALL-UNNAMED --add-opens=java.base/java.util=ALL-UNNAMED --add-opens=java.prefs/java.util.prefs=ALL-UNNAMED --add-exports=jdk.compiler/com.sun.tools.javac.api=ALL-UNNAMED --add-exports=jdk.compiler/com.sun.tools.javac.util=ALL-UNNAMED --add-opens=java.base/java.util=ALL-UNNAMED --add-opens=java.prefs/java.util.prefs=ALL-UNNAMED --add-opens=java.base/java.nio.charset=ALL-UNNAMED --add-opens=java.base/java.net=ALL-UNNAMED --add-opens=java.base/java.util.concurrent.atomic=ALL-UNNAMED --add-opens=java.xml/javax.xml.namespace=ALL-UNNAMED -Xmx2048m -Dfile.encoding=UTF-8 -Duser.country=419 -Duser.language=es -Duser.variant -javaagent:C:\Users\Admin\.gradle\wrapper\dists\gradle-8.13-bin\5xuhj0ry160q40clulazy9h7d\gradle-8.13\lib\agents\gradle-instrumentation-agent-8.13.jar org.gradle.launcher.daemon.bootstrap.GradleDaemon 8.13

Host: Intel(R) Pentium(R) CPU  J3710  @ 1.60GHz, 4 cores, 6G,  Windows 11 , 64 bit Build 26100 (10.0.26100.2161)
Time: Tue Sep 29 17:16:21 2026 Hora estándar central (México) elapsed time: 20265.974676 seconds (0d 5h 37m 45s)

---------------  T H R E A D  ---------------

Current thread (0x0000029428ae7940):  JavaThread "C2 CompilerThread1" daemon [_thread_in_native, id=7396, stack(0x000000eb97900000,0x000000eb97a00000) (1024K)]


Current CompileTask:
C2:20266191 78623       4       com.android.tools.r8.internal.Uk0::a (180 bytes)

Stack: [0x000000eb97900000,0x000000eb97a00000]
Native frames: (J=compiled Java code, j=interpreted, Vv=VM code, C=native code)
V  [jvm.dll+0x6d68d9]
V  [jvm.dll+0x866693]
V  [jvm.dll+0x868c4e]
V  [jvm.dll+0x869333]
V  [jvm.dll+0x280566]
V  [jvm.dll+0xc07cd]
V  [jvm.dll+0xc0d03]
V  [jvm.dll+0x2f5970]
V  [jvm.dll+0x5ff719]
V  [jvm.dll+0x252362]
V  [jvm.dll+0x24ac0a]
V  [jvm.dll+0x24871e]
V  [jvm.dll+0x1c73a4]
V  [jvm.dll+0x257f9e]
V  [jvm.dll+0x2564e6]
V  [jvm.dll+0x3f4696]
V  [jvm.dll+0x80eac8]
V  [jvm.dll+0x6d512d]
C  [ucrtbase.dll+0x14ea0]
C  [KERNEL32.DLL+0x2dbe7]
C  [ntdll.dll+0xdfbec]


---------------  P R O C E S S  ---------------

Threads class SMR info:
_java_thread_list=0x0000029431c0c6a0, length=91, elements={
0x000002947f1c5ad0, 0x000002941866f3e0, 0x000002941867a4c0, 0x000002941867b180,
0x000002941867f340, 0x0000029418697d70, 0x0000029418698900, 0x000002941869df80,
0x00000294186a1d30, 0x00000294186adf40, 0x000002941d029c70, 0x000002941e2babf0,
0x000002941f106db0, 0x000002941ef8b9c0, 0x000002941db33cf0, 0x000002941db34380,
0x000002941db32fd0, 0x00000294212be400, 0x00000294212c04d0, 0x00000294212bf120,
0x00000294212bfe40, 0x00000294212c0b60, 0x00000294212bd6e0, 0x00000294212c4670,
0x000002941d0a0230, 0x00000294214ceee0, 0x000002942269ce10, 0x000002942269c780,
0x0000029428f4b600, 0x0000029428f4bc90, 0x0000029428f48810, 0x0000029428f4e3f0,
0x0000029428f4ea80, 0x0000029428f4fe30, 0x0000029428f4c9b0, 0x0000029428f4d040,
0x0000029428f52c20, 0x0000029428f52590, 0x0000029428f53fd0, 0x0000029428f51f00,
0x0000029428f50b50, 0x0000029428f54660, 0x0000029428f511e0, 0x0000029428f54cf0,
0x0000029428f55a10, 0x0000029428f55380, 0x0000029430cc5e50, 0x0000029430cc64e0,
0x0000029430cc4410, 0x0000029430cc3060, 0x0000029430cc6b70, 0x0000029430cc7200,
0x000002942342d370, 0x000002942342a580, 0x0000029430ccc0c0, 0x0000029430ccb3a0,
0x0000029430ccba30, 0x0000029430cc8c40, 0x0000029430cce190, 0x0000029430cce820,
0x0000029430ccc750, 0x0000029430cceeb0, 0x0000029430ccfbd0, 0x0000029430ccd470,
0x0000029430cd0f80, 0x0000029430ccf540, 0x0000029430ccdb00, 0x0000029430cd3d70,
0x0000029430cd29c0, 0x0000029430cd1610, 0x0000029430cd64d0, 0x0000029430cd71f0,
0x0000029430cd85a0, 0x0000029430cd8c30, 0x0000029430cd7880, 0x0000029430cd7f10,
0x0000029430cd5e40, 0x0000029430cd6b60, 0x0000029430cdcdd0, 0x0000029430cd5120,
0x0000029430cd36e0, 0x0000029430cd9950, 0x0000029429be8150, 0x0000029429be7430,
0x0000029429be87e0, 0x0000029428ae7940, 0x000002942a632b80, 0x0000029430b3f480,
0x0000029430b40830, 0x0000029430b3fb10, 0x0000029430b401a0
}

Java Threads: ( => current thread )
  0x000002947f1c5ad0 JavaThread "main"                              [_thread_blocked, id=7612, stack(0x000000eb91b00000,0x000000eb91c00000) (1024K)]
  0x000002941866f3e0 JavaThread "Common-Cleaner"             daemon [_thread_blocked, id=5564, stack(0x000000eb92300000,0x000000eb92400000) (1024K)]
  0x000002941867a4c0 JavaThread "Reference Handler"          daemon [_thread_blocked, id=6264, stack(0x000000eb92400000,0x000000eb92500000) (1024K)]
  0x000002941867b180 JavaThread "Finalizer"                  daemon [_thread_blocked, id=8248, stack(0x000000eb92500000,0x000000eb92600000) (1024K)]
  0x000002941867f340 JavaThread "Signal Dispatcher"          daemon [_thread_blocked, id=6864, stack(0x000000eb92600000,0x000000eb92700000) (1024K)]
  0x0000029418697d70 JavaThread "Attach Listener"            daemon [_thread_blocked, id=8000, stack(0x000000eb92700000,0x000000eb92800000) (1024K)]
  0x0000029418698900 JavaThread "Service Thread"             daemon [_thread_blocked, id=5896, stack(0x000000eb92800000,0x000000eb92900000) (1024K)]
  0x000002941869df80 JavaThread "Monitor Deflation Thread"   daemon [_thread_blocked, id=3296, stack(0x000000eb92900000,0x000000eb92a00000) (1024K)]
  0x00000294186a1d30 JavaThread "C2 CompilerThread0"         daemon [_thread_in_native, id=9528, stack(0x000000eb92a00000,0x000000eb92b00000) (1024K)]
  0x00000294186adf40 JavaThread "C1 CompilerThread0"         daemon [_thread_blocked, id=9420, stack(0x000000eb92b00000,0x000000eb92c00000) (1024K)]
  0x000002941d029c70 JavaThread "Notification Thread"        daemon [_thread_blocked, id=8696, stack(0x000000eb92c00000,0x000000eb92d00000) (1024K)]
  0x000002941e2babf0 JavaThread "Daemon health stats"               [_thread_blocked, id=1748, stack(0x000000eb93000000,0x000000eb93100000) (1024K)]
  0x000002941f106db0 JavaThread "Incoming local TCP Connector on port 64346"        [_thread_in_native, id=3284, stack(0x000000eb93100000,0x000000eb93200000) (1024K)]
  0x000002941ef8b9c0 JavaThread "Daemon periodic checks"            [_thread_blocked, id=9036, stack(0x000000eb93200000,0x000000eb93300000) (1024K)]
  0x000002941db33cf0 JavaThread "Cache worker for journal cache (C:\Users\Admin\.gradle\caches\journal-1)"        [_thread_blocked, id=632, stack(0x000000eb93a00000,0x000000eb93b00000) (1024K)]
  0x000002941db34380 JavaThread "File lock request listener"        [_thread_in_native, id=3760, stack(0x000000eb93b00000,0x000000eb93c00000) (1024K)]
  0x000002941db32fd0 JavaThread "Cache worker for file hash cache (C:\Users\Admin\.gradle\caches\8.13\fileHashes)"        [_thread_blocked, id=540, stack(0x000000eb93c00000,0x000000eb93d00000) (1024K)]
  0x00000294212be400 JavaThread "File watcher server"        daemon [_thread_in_native, id=4064, stack(0x000000eb93f00000,0x000000eb94000000) (1024K)]
  0x00000294212c04d0 JavaThread "File watcher consumer"      daemon [_thread_blocked, id=2752, stack(0x000000eb94000000,0x000000eb94100000) (1024K)]
  0x00000294212bf120 JavaThread "jar transforms"                    [_thread_blocked, id=2772, stack(0x000000eb94100000,0x000000eb94200000) (1024K)]
  0x00000294212bfe40 JavaThread "jar transforms Thread 2"           [_thread_blocked, id=8220, stack(0x000000eb94300000,0x000000eb94400000) (1024K)]
  0x00000294212c0b60 JavaThread "Cache worker for file content cache (C:\Users\Admin\.gradle\caches\8.13\fileContent)"        [_thread_blocked, id=4936, stack(0x000000eb94400000,0x000000eb94500000) (1024K)]
  0x00000294212bd6e0 JavaThread "jar transforms Thread 3"           [_thread_blocked, id=4272, stack(0x000000eb94500000,0x000000eb94600000) (1024K)]
  0x00000294212c4670 JavaThread "jar transforms Thread 4"           [_thread_blocked, id=7944, stack(0x000000eb94b00000,0x000000eb94c00000) (1024K)]
  0x000002941d0a0230 JavaThread "Memory manager"                    [_thread_blocked, id=2164, stack(0x000000eb95b00000,0x000000eb95c00000) (1024K)]
  0x00000294214ceee0 JavaThread "RMI Scheduler(0)"           daemon [_thread_blocked, id=8056, stack(0x000000eb97a00000,0x000000eb97b00000) (1024K)]
  0x000002942269ce10 JavaThread "RMI TCP Accept-0"           daemon [_thread_in_native, id=5572, stack(0x000000eb97e00000,0x000000eb97f00000) (1024K)]
  0x000002942269c780 JavaThread "Cache worker for Java compile cache (C:\Users\Admin\.gradle\caches\8.13\javaCompile)"        [_thread_blocked, id=8756, stack(0x000000eb95200000,0x000000eb95300000) (1024K)]
  0x0000029428f4b600 JavaThread "Daemon Thread 24"                  [_thread_blocked, id=7352, stack(0x000000eb91800000,0x000000eb91900000) (1024K)]
  0x0000029428f4bc90 JavaThread "Handler for socket connection from /127.0.0.1:64346 to /127.0.0.1:62944"        [_thread_in_native, id=7572, stack(0x000000eb91900000,0x000000eb91a00000) (1024K)]
  0x0000029428f48810 JavaThread "Cancel handler"                    [_thread_blocked, id=7184, stack(0x000000eb91a00000,0x000000eb91b00000) (1024K)]
  0x0000029428f4e3f0 JavaThread "Daemon worker Thread 24"           [_thread_blocked, id=4712, stack(0x000000eb93300000,0x000000eb93400000) (1024K)]
  0x0000029428f4ea80 JavaThread "Asynchronous log dispatcher for DefaultDaemonConnection: socket connection from /127.0.0.1:64346 to /127.0.0.1:62944"        [_thread_blocked, id=3584, stack(0x000000eb93400000,0x000000eb93500000) (1024K)]
  0x0000029428f4fe30 JavaThread "Stdin handler"                     [_thread_blocked, id=924, stack(0x000000eb93500000,0x000000eb93600000) (1024K)]
  0x0000029428f4c9b0 JavaThread "Daemon client event forwarder"        [_thread_blocked, id=6504, stack(0x000000eb93600000,0x000000eb93700000) (1024K)]
  0x0000029428f4d040 JavaThread "Cache worker for file hash cache (D:\AndroidStudioProyects\CFilm\.gradle\8.13\fileHashes)"        [_thread_blocked, id=6584, stack(0x000000eb93800000,0x000000eb93900000) (1024K)]
  0x0000029428f52c20 JavaThread "Cache worker for Build Output Cleanup Cache (D:\AndroidStudioProyects\CFilm\.gradle\buildOutputCleanup)"        [_thread_blocked, id=3304, stack(0x000000eb93900000,0x000000eb93a00000) (1024K)]
  0x0000029428f52590 JavaThread "Cache worker for checksums cache (D:\AndroidStudioProyects\CFilm\.gradle\8.13\checksums)"        [_thread_blocked, id=1528, stack(0x000000eb93700000,0x000000eb93800000) (1024K)]
  0x0000029428f53fd0 JavaThread "Cache worker for cache directory md-supplier (C:\Users\Admin\.gradle\caches\8.13\md-supplier)"        [_thread_blocked, id=10192, stack(0x000000eb93e00000,0x000000eb93f00000) (1024K)]
  0x0000029428f51f00 JavaThread "Cache worker for cache directory md-rule (C:\Users\Admin\.gradle\caches\8.13\md-rule)"        [_thread_blocked, id=6052, stack(0x000000eb93d00000,0x000000eb93e00000) (1024K)]
  0x0000029428f50b50 JavaThread "Unconstrained build operations"        [_thread_blocked, id=6652, stack(0x000000eb94200000,0x000000eb94300000) (1024K)]
  0x0000029428f54660 JavaThread "Unconstrained build operations Thread 2"        [_thread_blocked, id=6360, stack(0x000000eb94600000,0x000000eb94700000) (1024K)]
  0x0000029428f511e0 JavaThread "Unconstrained build operations Thread 3"        [_thread_blocked, id=1068, stack(0x000000eb94700000,0x000000eb94800000) (1024K)]
  0x0000029428f54cf0 JavaThread "Unconstrained build operations Thread 4"        [_thread_blocked, id=5400, stack(0x000000eb94900000,0x000000eb94a00000) (1024K)]
  0x0000029428f55a10 JavaThread "Unconstrained build operations Thread 5"        [_thread_blocked, id=7900, stack(0x000000eb94a00000,0x000000eb94b00000) (1024K)]
  0x0000029428f55380 JavaThread "Unconstrained build operations Thread 6"        [_thread_blocked, id=1312, stack(0x000000eb94c00000,0x000000eb94d00000) (1024K)]
  0x0000029430cc5e50 JavaThread "Unconstrained build operations Thread 7"        [_thread_blocked, id=4692, stack(0x000000eb94d00000,0x000000eb94e00000) (1024K)]
  0x0000029430cc64e0 JavaThread "Unconstrained build operations Thread 8"        [_thread_blocked, id=2204, stack(0x000000eb94e00000,0x000000eb94f00000) (1024K)]
  0x0000029430cc4410 JavaThread "Unconstrained build operations Thread 9"        [_thread_blocked, id=7868, stack(0x000000eb94f00000,0x000000eb95000000) (1024K)]
  0x0000029430cc3060 JavaThread "Unconstrained build operations Thread 10"        [_thread_blocked, id=9476, stack(0x000000eb95000000,0x000000eb95100000) (1024K)]
  0x0000029430cc6b70 JavaThread "Unconstrained build operations Thread 11"        [_thread_blocked, id=9664, stack(0x000000eb95100000,0x000000eb95200000) (1024K)]
  0x0000029430cc7200 JavaThread "Unconstrained build operations Thread 12"        [_thread_blocked, id=7860, stack(0x000000eb95300000,0x000000eb95400000) (1024K)]
  0x000002942342d370 JavaThread "build event listener"              [_thread_blocked, id=5320, stack(0x000000eb95500000,0x000000eb95600000) (1024K)]
  0x000002942342a580 JavaThread "build event listener"              [_thread_blocked, id=5964, stack(0x000000eb95400000,0x000000eb95500000) (1024K)]
  0x0000029430ccc0c0 JavaThread "included builds"                   [_thread_blocked, id=9852, stack(0x000000eb95600000,0x000000eb95700000) (1024K)]
  0x0000029430ccb3a0 JavaThread "Execution worker"                  [_thread_blocked, id=5376, stack(0x000000eb95800000,0x000000eb95900000) (1024K)]
  0x0000029430ccba30 JavaThread "Execution worker Thread 2"         [_thread_blocked, id=7560, stack(0x000000eb95900000,0x000000eb95a00000) (1024K)]
  0x0000029430cc8c40 JavaThread "Execution worker Thread 3"         [_thread_blocked, id=5432, stack(0x000000eb95a00000,0x000000eb95b00000) (1024K)]
  0x0000029430cce190 JavaThread "Cache worker for execution history cache (D:\AndroidStudioProyects\CFilm\.gradle\8.13\executionHistory)"        [_thread_blocked, id=5768, stack(0x000000eb95c00000,0x000000eb95d00000) (1024K)]
  0x0000029430cce820 JavaThread "Unconstrained build operations Thread 13"        [_thread_blocked, id=5268, stack(0x000000eb95700000,0x000000eb95800000) (1024K)]
  0x0000029430ccc750 JavaThread "Unconstrained build operations Thread 14"        [_thread_blocked, id=988, stack(0x000000eb95d00000,0x000000eb95e00000) (1024K)]
  0x0000029430cceeb0 JavaThread "Unconstrained build operations Thread 15"        [_thread_blocked, id=8528, stack(0x000000eb95e00000,0x000000eb95f00000) (1024K)]
  0x0000029430ccfbd0 JavaThread "Unconstrained build operations Thread 16"        [_thread_blocked, id=3300, stack(0x000000eb96100000,0x000000eb96200000) (1024K)]
  0x0000029430ccd470 JavaThread "Unconstrained build operations Thread 17"        [_thread_blocked, id=5840, stack(0x000000eb96200000,0x000000eb96300000) (1024K)]
  0x0000029430cd0f80 JavaThread "Unconstrained build operations Thread 18"        [_thread_blocked, id=10208, stack(0x000000eb96300000,0x000000eb96400000) (1024K)]
  0x0000029430ccf540 JavaThread "Unconstrained build operations Thread 19"        [_thread_blocked, id=9816, stack(0x000000eb96400000,0x000000eb96500000) (1024K)]
  0x0000029430ccdb00 JavaThread "Unconstrained build operations Thread 20"        [_thread_blocked, id=9844, stack(0x000000eb96500000,0x000000eb96600000) (1024K)]
  0x0000029430cd3d70 JavaThread "Unconstrained build operations Thread 21"        [_thread_blocked, id=6236, stack(0x000000eb96600000,0x000000eb96700000) (1024K)]
  0x0000029430cd29c0 JavaThread "Unconstrained build operations Thread 22"        [_thread_blocked, id=10096, stack(0x000000eb96700000,0x000000eb96800000) (1024K)]
  0x0000029430cd1610 JavaThread "WorkerExecutor Queue Thread 2"        [_thread_blocked, id=1496, stack(0x000000eb96800000,0x000000eb96900000) (1024K)]
  0x0000029430cd64d0 JavaThread "Unconstrained build operations Thread 23"        [_thread_blocked, id=9764, stack(0x000000eb94800000,0x000000eb94900000) (1024K)]
  0x0000029430cd71f0 JavaThread "Unconstrained build operations Thread 24"        [_thread_blocked, id=6376, stack(0x000000eb96b00000,0x000000eb96c00000) (1024K)]
  0x0000029430cd85a0 JavaThread "Unconstrained build operations Thread 25"        [_thread_blocked, id=7124, stack(0x000000eb96c00000,0x000000eb96d00000) (1024K)]
  0x0000029430cd8c30 JavaThread "Unconstrained build operations Thread 26"        [_thread_blocked, id=8020, stack(0x000000eb96d00000,0x000000eb96e00000) (1024K)]
  0x0000029430cd7880 JavaThread "Unconstrained build operations Thread 27"        [_thread_blocked, id=5700, stack(0x000000eb96e00000,0x000000eb96f00000) (1024K)]
  0x0000029430cd7f10 JavaThread "RMI GC Daemon"              daemon [_thread_blocked, id=9808, stack(0x000000eb97100000,0x000000eb97200000) (1024K)]
  0x0000029430cd5e40 JavaThread "RMI Reaper"                        [_thread_blocked, id=8372, stack(0x000000eb97200000,0x000000eb97300000) (1024K)]
  0x0000029430cd6b60 JavaThread "Unconstrained build operations Thread 28"        [_thread_blocked, id=2768, stack(0x000000eb97500000,0x000000eb97600000) (1024K)]
  0x0000029430cdcdd0 JavaThread "WorkerExecutor Queue Thread 4"        [_thread_blocked, id=7268, stack(0x000000eb97600000,0x000000eb97700000) (1024K)]
  0x0000029430cd5120 JavaThread "Build operations"                  [_thread_blocked, id=4584, stack(0x000000eb96a00000,0x000000eb96b00000) (1024K)]
  0x0000029430cd36e0 JavaThread "Build operations Thread 2"         [_thread_blocked, id=6924, stack(0x000000eb97000000,0x000000eb97100000) (1024K)]
  0x0000029430cd9950 JavaThread "Build operations Thread 3"         [_thread_blocked, id=3340, stack(0x000000eb97300000,0x000000eb97400000) (1024K)]
  0x0000029429be8150 JavaThread "Unconstrained build operations Thread 29"        [_thread_blocked, id=5444, stack(0x000000eb96900000,0x000000eb96a00000) (1024K)]
  0x0000029429be7430 JavaThread "Unconstrained build operations Thread 30"        [_thread_blocked, id=1828, stack(0x000000eb97400000,0x000000eb97500000) (1024K)]
  0x0000029429be87e0 JavaThread "Build operations Thread 4"         [_thread_blocked, id=7592, stack(0x000000eb97700000,0x000000eb97800000) (1024K)]
=>0x0000029428ae7940 JavaThread "C2 CompilerThread1"         daemon [_thread_in_native, id=7396, stack(0x000000eb97900000,0x000000eb97a00000) (1024K)]
  0x000002942a632b80 JavaThread "WorkerExecutor Queue Thread 5"        [_thread_blocked, id=7292, stack(0x000000eb97b00000,0x000000eb97c00000) (1024K)]
  0x0000029430b3f480 JavaThread "WorkerExecutor Queue Thread 6"        [_thread_blocked, id=2512, stack(0x000000eb95f00000,0x000000eb96000000) (1024K)]
  0x0000029430b40830 JavaThread "ForkJoinPool.commonPool-worker-52" daemon [_thread_in_native, id=5132, stack(0x000000eb96000000,0x000000eb96100000) (1024K)]
  0x0000029430b3fb10 JavaThread "ForkJoinPool.commonPool-worker-53" daemon [_thread_in_native, id=9896, stack(0x000000eb96f00000,0x000000eb97000000) (1024K)]
  0x0000029430b401a0 JavaThread "ForkJoinPool.commonPool-worker-54" daemon [_thread_blocked, id=5256, stack(0x000000eb97800000,0x000000eb97900000) (1024K)]
Total: 91

Other Threads:
  0x00000294184b4cc0 VMThread "VM Thread"                           [id=3236, stack(0x000000eb92200000,0x000000eb92300000) (1024K)]
  0x000002941846bd10 WatcherThread "VM Periodic Task Thread"        [id=7420, stack(0x000000eb92100000,0x000000eb92200000) (1024K)]
  0x000002947fad07c0 WorkerThread "GC Thread#0"                     [id=6364, stack(0x000000eb91c00000,0x000000eb91d00000) (1024K)]
  0x000002941d061a40 WorkerThread "GC Thread#1"                     [id=4188, stack(0x000000eb92d00000,0x000000eb92e00000) (1024K)]
  0x000002941d061f60 WorkerThread "GC Thread#2"                     [id=7296, stack(0x000000eb92e00000,0x000000eb92f00000) (1024K)]
  0x000002941d9b8780 WorkerThread "GC Thread#3"                     [id=7660, stack(0x000000eb92f00000,0x000000eb93000000) (1024K)]
  0x000002947fae16b0 ConcurrentGCThread "G1 Main Marker"            [id=2016, stack(0x000000eb91d00000,0x000000eb91e00000) (1024K)]
  0x000002947fae2f00 WorkerThread "G1 Conc#0"                       [id=4036, stack(0x000000eb91e00000,0x000000eb91f00000) (1024K)]
  0x000002941832d8c0 ConcurrentGCThread "G1 Refine#0"               [id=9280, stack(0x000000eb91f00000,0x000000eb92000000) (1024K)]
  0x000002941832e0e0 ConcurrentGCThread "G1 Service"                [id=9404, stack(0x000000eb92000000,0x000000eb92100000) (1024K)]
Total: 10

Threads with active compile tasks:
C2 CompilerThread0  20267701 78299       4       com.android.tools.r8.internal.kc0::a (1016 bytes)
C2 CompilerThread1  20267702 78623       4       com.android.tools.r8.internal.Uk0::a (180 bytes)
Total: 2

VM state: not at safepoint (normal execution)

VM Mutex/Monitor currently owned by a thread: None

Heap address: 0x0000000080000000, size: 2048 MB, Compressed Oops mode: 32-bit

CDS archive(s) not mapped
Compressed class space mapped at: 0x0000000100000000-0x0000000140000000, reserved size: 1073741824
Narrow klass base: 0x0000000000000000, Narrow klass shift: 3, Narrow klass range: 0x140000000

GC Precious Log:
 CardTable entry size: 512
 Card Set container configuration: InlinePtr #cards 5 size 8 Array Of Cards #cards 12 size 40 Howl #buckets 4 coarsen threshold 1843 Howl Bitmap #cards 512 size 80 coarsen threshold 460 Card regions per heap region 1 cards per card region 2048
 CPUs: 4 total, 4 available
 Memory: 7069M
 Large Page Support: Disabled
 NUMA Support: Disabled
 Compressed Oops: Enabled (32-bit)
 Heap Region Size: 1M
 Heap Min Capacity: 8M
 Heap Initial Capacity: 112M
 Heap Max Capacity: 2G
 Pre-touch: Disabled
 Parallel Workers: 4
 Concurrent Workers: 1
 Concurrent Refinement Workers: 4
 Periodic GC: Disabled

Heap:
 garbage-first heap   total 731136K, used 662694K [0x0000000080000000, 0x0000000100000000)
  region size 1024K, 137 young (140288K), 8 survivors (8192K)
 Metaspace       used 277101K, committed 279232K, reserved 1310720K
  class space    used 35104K, committed 36160K, reserved 1048576K

Heap Regions: E=young(eden), S=young(survivor), O=old, HS=humongous(starts), HC=humongous(continues), CS=collection set, F=free, TAMS=top-at-mark-start, PB=parsable bottom
|   0|0x0000000080000000, 0x0000000080100000, 0x0000000080100000|100%|HS|  |TAMS 0x0000000080000000| PB 0x0000000080000000| Complete 
|   1|0x0000000080100000, 0x0000000080200000, 0x0000000080200000|100%|HC|  |TAMS 0x0000000080100000| PB 0x0000000080100000| Complete 
|   2|0x0000000080200000, 0x0000000080300000, 0x0000000080300000|100%|HC|  |TAMS 0x0000000080200000| PB 0x0000000080200000| Complete 
|   3|0x0000000080300000, 0x0000000080400000, 0x0000000080400000|100%| O|  |TAMS 0x0000000080300000| PB 0x0000000080300000| Untracked 
|   4|0x0000000080400000, 0x0000000080500000, 0x0000000080500000|100%| O|  |TAMS 0x0000000080400000| PB 0x0000000080400000| Untracked 
|   5|0x0000000080500000, 0x00000000805fffe8, 0x0000000080600000| 99%| O|  |TAMS 0x0000000080500000| PB 0x0000000080500000| Untracked 
|   6|0x0000000080600000, 0x0000000080700000, 0x0000000080700000|100%|HS|  |TAMS 0x0000000080600000| PB 0x0000000080600000| Complete 
|   7|0x0000000080700000, 0x00000000807fffe0, 0x0000000080800000| 99%| O|  |TAMS 0x0000000080700000| PB 0x0000000080700000| Untracked 
|   8|0x0000000080800000, 0x00000000808fffb0, 0x0000000080900000| 99%| O|  |TAMS 0x0000000080800000| PB 0x0000000080800000| Untracked 
|   9|0x0000000080900000, 0x0000000080a00000, 0x0000000080a00000|100%| O|  |TAMS 0x0000000080900000| PB 0x0000000080900000| Untracked 
|  10|0x0000000080a00000, 0x0000000080b00000, 0x0000000080b00000|100%| O|  |TAMS 0x0000000080a00000| PB 0x0000000080a00000| Untracked 
|  11|0x0000000080b00000, 0x0000000080c00000, 0x0000000080c00000|100%| O|  |TAMS 0x0000000080b00000| PB 0x0000000080b00000| Untracked 
|  12|0x0000000080c00000, 0x0000000080d00000, 0x0000000080d00000|100%| O|  |TAMS 0x0000000080c00000| PB 0x0000000080c00000| Untracked 
|  13|0x0000000080d00000, 0x0000000080dffff8, 0x0000000080e00000| 99%| O|  |TAMS 0x0000000080d00000| PB 0x0000000080d00000| Untracked 
|  14|0x0000000080e00000, 0x0000000080f00000, 0x0000000080f00000|100%| O|  |TAMS 0x0000000080e00000| PB 0x0000000080e00000| Untracked 
|  15|0x0000000080f00000, 0x0000000080ffffe0, 0x0000000081000000| 99%| O|  |TAMS 0x0000000080f00000| PB 0x0000000080f00000| Untracked 
|  16|0x0000000081000000, 0x00000000810ffff8, 0x0000000081100000| 99%| O|  |TAMS 0x0000000081000000| PB 0x0000000081000000| Untracked 
|  17|0x0000000081100000, 0x00000000811ffff8, 0x0000000081200000| 99%| O|  |TAMS 0x0000000081100000| PB 0x0000000081100000| Untracked 
|  18|0x0000000081200000, 0x00000000812ffb10, 0x0000000081300000| 99%| O|  |TAMS 0x0000000081200000| PB 0x0000000081200000| Untracked 
|  19|0x0000000081300000, 0x00000000813fffe8, 0x0000000081400000| 99%| O|  |TAMS 0x0000000081300000| PB 0x0000000081300000| Untracked 
|  20|0x0000000081400000, 0x00000000814fffd0, 0x0000000081500000| 99%| O|  |TAMS 0x0000000081400000| PB 0x0000000081400000| Untracked 
|  21|0x0000000081500000, 0x00000000815ffff8, 0x0000000081600000| 99%| O|  |TAMS 0x0000000081500000| PB 0x0000000081500000| Untracked 
|  22|0x0000000081600000, 0x00000000816ffff0, 0x0000000081700000| 99%| O|  |TAMS 0x0000000081600000| PB 0x0000000081600000| Untracked 
|  23|0x0000000081700000, 0x00000000817ffff8, 0x0000000081800000| 99%| O|  |TAMS 0x0000000081700000| PB 0x0000000081700000| Untracked 
|  24|0x0000000081800000, 0x00000000818ffff8, 0x0000000081900000| 99%| O|  |TAMS 0x0000000081800000| PB 0x0000000081800000| Untracked 
|  25|0x0000000081900000, 0x0000000081a00000, 0x0000000081a00000|100%| O|  |TAMS 0x0000000081900000| PB 0x0000000081900000| Untracked 
|  26|0x0000000081a00000, 0x0000000081b00000, 0x0000000081b00000|100%| O|  |TAMS 0x0000000081a00000| PB 0x0000000081a00000| Untracked 
|  27|0x0000000081b00000, 0x0000000081bfffb0, 0x0000000081c00000| 99%| O|  |TAMS 0x0000000081b00000| PB 0x0000000081b00000| Untracked 
|  28|0x0000000081c00000, 0x0000000081cffff8, 0x0000000081d00000| 99%| O|  |TAMS 0x0000000081c00000| PB 0x0000000081c00000| Untracked 
|  29|0x0000000081d00000, 0x0000000081dffff0, 0x0000000081e00000| 99%| O|  |TAMS 0x0000000081d00000| PB 0x0000000081d00000| Untracked 
|  30|0x0000000081e00000, 0x0000000081f00000, 0x0000000081f00000|100%| O|  |TAMS 0x0000000081e00000| PB 0x0000000081e00000| Untracked 
|  31|0x0000000081f00000, 0x0000000081fffff8, 0x0000000082000000| 99%| O|  |TAMS 0x0000000081f00000| PB 0x0000000081f00000| Untracked 
|  32|0x0000000082000000, 0x00000000820ffff8, 0x0000000082100000| 99%| O|  |TAMS 0x0000000082000000| PB 0x0000000082000000| Untracked 
|  33|0x0000000082100000, 0x00000000821fa750, 0x0000000082200000| 97%| O|  |TAMS 0x0000000082100000| PB 0x0000000082100000| Untracked 
|  34|0x0000000082200000, 0x0000000082300000, 0x0000000082300000|100%|HS|  |TAMS 0x0000000082200000| PB 0x0000000082200000| Complete 
|  35|0x0000000082300000, 0x0000000082400000, 0x0000000082400000|100%|HC|  |TAMS 0x0000000082300000| PB 0x0000000082300000| Complete 
|  36|0x0000000082400000, 0x0000000082500000, 0x0000000082500000|100%| O|  |TAMS 0x0000000082400000| PB 0x0000000082400000| Untracked 
|  37|0x0000000082500000, 0x00000000825eeaa8, 0x0000000082600000| 93%| O|  |TAMS 0x0000000082500000| PB 0x0000000082500000| Untracked 
|  38|0x0000000082600000, 0x0000000082700000, 0x0000000082700000|100%| O|  |TAMS 0x0000000082600000| PB 0x0000000082600000| Untracked 
|  39|0x0000000082700000, 0x00000000827eb5b8, 0x0000000082800000| 91%| O|  |TAMS 0x0000000082700000| PB 0x0000000082700000| Untracked 
|  40|0x0000000082800000, 0x00000000828ffd30, 0x0000000082900000| 99%| O|  |TAMS 0x0000000082800000| PB 0x0000000082800000| Untracked 
|  41|0x0000000082900000, 0x0000000082a00000, 0x0000000082a00000|100%|HS|  |TAMS 0x0000000082900000| PB 0x0000000082900000| Complete 
|  42|0x0000000082a00000, 0x0000000082affce0, 0x0000000082b00000| 99%| O|  |TAMS 0x0000000082a00000| PB 0x0000000082a00000| Untracked 
|  43|0x0000000082b00000, 0x0000000082bffff8, 0x0000000082c00000| 99%| O|  |TAMS 0x0000000082b00000| PB 0x0000000082b00000| Untracked 
|  44|0x0000000082c00000, 0x0000000082d00000, 0x0000000082d00000|100%|HS|  |TAMS 0x0000000082c00000| PB 0x0000000082c00000| Complete 
|  45|0x0000000082d00000, 0x0000000082dfffe8, 0x0000000082e00000| 99%| O|  |TAMS 0x0000000082d00000| PB 0x0000000082d00000| Untracked 
|  46|0x0000000082e00000, 0x0000000082f00000, 0x0000000082f00000|100%| O|  |TAMS 0x0000000082e00000| PB 0x0000000082e00000| Untracked 
|  47|0x0000000082f00000, 0x0000000082ffffe8, 0x0000000083000000| 99%| O|  |TAMS 0x0000000082f00000| PB 0x0000000082f00000| Untracked 
|  48|0x0000000083000000, 0x00000000830dc310, 0x0000000083100000| 86%| O|  |TAMS 0x0000000083000000| PB 0x0000000083000000| Untracked 
|  49|0x0000000083100000, 0x00000000831fffb8, 0x0000000083200000| 99%| O|  |TAMS 0x0000000083100000| PB 0x0000000083100000| Untracked 
|  50|0x0000000083200000, 0x00000000832ffff8, 0x0000000083300000| 99%| O|  |TAMS 0x0000000083200000| PB 0x0000000083200000| Untracked 
|  51|0x0000000083300000, 0x00000000833fffe8, 0x0000000083400000| 99%| O|  |TAMS 0x0000000083300000| PB 0x0000000083300000| Untracked 
|  52|0x0000000083400000, 0x00000000834fffb8, 0x0000000083500000| 99%| O|  |TAMS 0x0000000083400000| PB 0x0000000083400000| Untracked 
|  53|0x0000000083500000, 0x00000000835ffff8, 0x0000000083600000| 99%| O|  |TAMS 0x0000000083500000| PB 0x0000000083500000| Untracked 
|  54|0x0000000083600000, 0x00000000836fc680, 0x0000000083700000| 98%| O|  |TAMS 0x0000000083600000| PB 0x0000000083600000| Untracked 
|  55|0x0000000083700000, 0x0000000083800000, 0x0000000083800000|100%| O|  |TAMS 0x0000000083700000| PB 0x0000000083700000| Untracked 
|  56|0x0000000083800000, 0x00000000838fffd8, 0x0000000083900000| 99%| O|  |TAMS 0x0000000083800000| PB 0x0000000083800000| Untracked 
|  57|0x0000000083900000, 0x0000000083a00000, 0x0000000083a00000|100%|HS|  |TAMS 0x0000000083900000| PB 0x0000000083900000| Complete 
|  58|0x0000000083a00000, 0x0000000083affff0, 0x0000000083b00000| 99%| O|  |TAMS 0x0000000083a00000| PB 0x0000000083a00000| Untracked 
|  59|0x0000000083b00000, 0x0000000083c00000, 0x0000000083c00000|100%|HS|  |TAMS 0x0000000083b00000| PB 0x0000000083b00000| Complete 
|  60|0x0000000083c00000, 0x0000000083d00000, 0x0000000083d00000|100%|HC|  |TAMS 0x0000000083c00000| PB 0x0000000083c00000| Complete 
|  61|0x0000000083d00000, 0x0000000083dffff8, 0x0000000083e00000| 99%| O|  |TAMS 0x0000000083d00000| PB 0x0000000083d00000| Untracked 
|  62|0x0000000083e00000, 0x0000000083f00000, 0x0000000083f00000|100%| O|  |TAMS 0x0000000083e00000| PB 0x0000000083e00000| Untracked 
|  63|0x0000000083f00000, 0x0000000084000000, 0x0000000084000000|100%|HS|  |TAMS 0x0000000083f00000| PB 0x0000000083f00000| Complete 
|  64|0x0000000084000000, 0x0000000084100000, 0x0000000084100000|100%|HC|  |TAMS 0x0000000084000000| PB 0x0000000084000000| Complete 
|  65|0x0000000084100000, 0x0000000084200000, 0x0000000084200000|100%|HS|  |TAMS 0x0000000084100000| PB 0x0000000084100000| Complete 
|  66|0x0000000084200000, 0x0000000084300000, 0x0000000084300000|100%| O|  |TAMS 0x0000000084200000| PB 0x0000000084200000| Untracked 
|  67|0x0000000084300000, 0x00000000843fffc8, 0x0000000084400000| 99%| O|  |TAMS 0x0000000084300000| PB 0x0000000084300000| Untracked 
|  68|0x0000000084400000, 0x0000000084500000, 0x0000000084500000|100%| O|  |TAMS 0x0000000084400000| PB 0x0000000084400000| Untracked 
|  69|0x0000000084500000, 0x00000000845c9c38, 0x0000000084600000| 78%| O|  |TAMS 0x0000000084500000| PB 0x0000000084500000| Untracked 
|  70|0x0000000084600000, 0x0000000084700000, 0x0000000084700000|100%|HS|  |TAMS 0x0000000084600000| PB 0x0000000084600000| Complete 
|  71|0x0000000084700000, 0x0000000084800000, 0x0000000084800000|100%|HC|  |TAMS 0x0000000084700000| PB 0x0000000084700000| Complete 
|  72|0x0000000084800000, 0x0000000084900000, 0x0000000084900000|100%|HC|  |TAMS 0x0000000084800000| PB 0x0000000084800000| Complete 
|  73|0x0000000084900000, 0x0000000084a00000, 0x0000000084a00000|100%|HS|  |TAMS 0x0000000084900000| PB 0x0000000084900000| Complete 
|  74|0x0000000084a00000, 0x0000000084b00000, 0x0000000084b00000|100%|HS|  |TAMS 0x0000000084a00000| PB 0x0000000084a00000| Complete 
|  75|0x0000000084b00000, 0x0000000084c00000, 0x0000000084c00000|100%| O|  |TAMS 0x0000000084b00000| PB 0x0000000084b00000| Untracked 
|  76|0x0000000084c00000, 0x0000000084d00000, 0x0000000084d00000|100%| O|  |TAMS 0x0000000084c00000| PB 0x0000000084c00000| Untracked 
|  77|0x0000000084d00000, 0x0000000084e00000, 0x0000000084e00000|100%| O|  |TAMS 0x0000000084d00000| PB 0x0000000084d00000| Untracked 
|  78|0x0000000084e00000, 0x0000000084f00000, 0x0000000084f00000|100%| O|  |TAMS 0x0000000084e00000| PB 0x0000000084e00000| Untracked 
|  79|0x0000000084f00000, 0x0000000085000000, 0x0000000085000000|100%|HS|  |TAMS 0x0000000084f00000| PB 0x0000000084f00000| Complete 
|  80|0x0000000085000000, 0x0000000085100000, 0x0000000085100000|100%| O|  |TAMS 0x0000000085000000| PB 0x0000000085000000| Untracked 
|  81|0x0000000085100000, 0x0000000085200000, 0x0000000085200000|100%| O|Cm|TAMS 0x0000000085100000| PB 0x0000000085100000| Complete 
|  82|0x0000000085200000, 0x00000000852ffff0, 0x0000000085300000| 99%| O|  |TAMS 0x0000000085200000| PB 0x0000000085200000| Untracked 
|  83|0x0000000085300000, 0x00000000853ffff0, 0x0000000085400000| 99%| O|  |TAMS 0x0000000085300000| PB 0x0000000085300000| Untracked 
|  84|0x0000000085400000, 0x00000000854fffe8, 0x0000000085500000| 99%| O|  |TAMS 0x0000000085400000| PB 0x0000000085400000| Untracked 
|  85|0x0000000085500000, 0x0000000085600000, 0x0000000085600000|100%|HS|  |TAMS 0x0000000085500000| PB 0x0000000085500000| Complete 
|  86|0x0000000085600000, 0x0000000085700000, 0x0000000085700000|100%|HC|  |TAMS 0x0000000085600000| PB 0x0000000085600000| Complete 
|  87|0x0000000085700000, 0x0000000085800000, 0x0000000085800000|100%|HC|  |TAMS 0x0000000085700000| PB 0x0000000085700000| Complete 
|  88|0x0000000085800000, 0x00000000858fffe8, 0x0000000085900000| 99%| O|  |TAMS 0x0000000085800000| PB 0x0000000085800000| Untracked 
|  89|0x0000000085900000, 0x00000000859ffff8, 0x0000000085a00000| 99%| O|  |TAMS 0x0000000085900000| PB 0x0000000085900000| Untracked 
|  90|0x0000000085a00000, 0x0000000085b00000, 0x0000000085b00000|100%| O|  |TAMS 0x0000000085a00000| PB 0x0000000085a00000| Untracked 
|  91|0x0000000085b00000, 0x0000000085c00000, 0x0000000085c00000|100%| O|  |TAMS 0x0000000085b00000| PB 0x0000000085b00000| Untracked 
|  92|0x0000000085c00000, 0x0000000085cf1028, 0x0000000085d00000| 94%| O|  |TAMS 0x0000000085c00000| PB 0x0000000085c00000| Untracked 
|  93|0x0000000085d00000, 0x0000000085dffff8, 0x0000000085e00000| 99%| O|  |TAMS 0x0000000085d00000| PB 0x0000000085d00000| Untracked 
|  94|0x0000000085e00000, 0x0000000085f00000, 0x0000000085f00000|100%| O|  |TAMS 0x0000000085e00000| PB 0x0000000085e00000| Untracked 
|  95|0x0000000085f00000, 0x0000000086000000, 0x0000000086000000|100%| O|Cm|TAMS 0x0000000085f00000| PB 0x0000000085f00000| Complete 
|  96|0x0000000086000000, 0x00000000860fffd8, 0x0000000086100000| 99%| O|  |TAMS 0x0000000086000000| PB 0x0000000086000000| Untracked 
|  97|0x0000000086100000, 0x00000000861ffff8, 0x0000000086200000| 99%| O|  |TAMS 0x0000000086100000| PB 0x0000000086100000| Untracked 
|  98|0x0000000086200000, 0x00000000862fffe8, 0x0000000086300000| 99%| O|  |TAMS 0x0000000086200000| PB 0x0000000086200000| Untracked 
|  99|0x0000000086300000, 0x00000000863ffec0, 0x0000000086400000| 99%| O|  |TAMS 0x0000000086300000| PB 0x0000000086300000| Untracked 
| 100|0x0000000086400000, 0x00000000864ffff0, 0x0000000086500000| 99%| O|  |TAMS 0x0000000086400000| PB 0x0000000086400000| Untracked 
| 101|0x0000000086500000, 0x00000000865ffff0, 0x0000000086600000| 99%| O|  |TAMS 0x0000000086500000| PB 0x0000000086500000| Untracked 
| 102|0x0000000086600000, 0x0000000086700000, 0x0000000086700000|100%| O|  |TAMS 0x0000000086600000| PB 0x0000000086600000| Untracked 
| 103|0x0000000086700000, 0x00000000867ffff8, 0x0000000086800000| 99%| O|  |TAMS 0x0000000086700000| PB 0x0000000086700000| Untracked 
| 104|0x0000000086800000, 0x00000000868ff890, 0x0000000086900000| 99%| O|  |TAMS 0x0000000086800000| PB 0x0000000086800000| Untracked 
| 105|0x0000000086900000, 0x00000000869ffeb0, 0x0000000086a00000| 99%| O|  |TAMS 0x0000000086900000| PB 0x0000000086900000| Untracked 
| 106|0x0000000086a00000, 0x0000000086afffe8, 0x0000000086b00000| 99%| O|  |TAMS 0x0000000086a00000| PB 0x0000000086a00000| Untracked 
| 107|0x0000000086b00000, 0x0000000086c00000, 0x0000000086c00000|100%| O|  |TAMS 0x0000000086b00000| PB 0x0000000086b00000| Untracked 
| 108|0x0000000086c00000, 0x0000000086cffff8, 0x0000000086d00000| 99%| O|  |TAMS 0x0000000086c00000| PB 0x0000000086c00000| Untracked 
| 109|0x0000000086d00000, 0x0000000086e00000, 0x0000000086e00000|100%| O|  |TAMS 0x0000000086d00000| PB 0x0000000086d00000| Untracked 
| 110|0x0000000086e00000, 0x0000000086effff0, 0x0000000086f00000| 99%| O|  |TAMS 0x0000000086e00000| PB 0x0000000086e00000| Untracked 
| 111|0x0000000086f00000, 0x0000000086fff6c0, 0x0000000087000000| 99%| O|  |TAMS 0x0000000086f00000| PB 0x0000000086f00000| Untracked 
| 112|0x0000000087000000, 0x00000000870ffff8, 0x0000000087100000| 99%| O|  |TAMS 0x0000000087000000| PB 0x0000000087000000| Untracked 
| 113|0x0000000087100000, 0x00000000871ffff8, 0x0000000087200000| 99%| O|  |TAMS 0x0000000087100000| PB 0x0000000087100000| Untracked 
| 114|0x0000000087200000, 0x00000000872fffe8, 0x0000000087300000| 99%| O|  |TAMS 0x0000000087200000| PB 0x0000000087200000| Untracked 
| 115|0x0000000087300000, 0x00000000873fffe0, 0x0000000087400000| 99%| O|  |TAMS 0x0000000087300000| PB 0x0000000087300000| Untracked 
| 116|0x0000000087400000, 0x0000000087500000, 0x0000000087500000|100%| O|  |TAMS 0x0000000087400000| PB 0x0000000087400000| Untracked 
| 117|0x0000000087500000, 0x00000000875ffff8, 0x0000000087600000| 99%| O|  |TAMS 0x0000000087500000| PB 0x0000000087500000| Untracked 
| 118|0x0000000087600000, 0x0000000087700000, 0x0000000087700000|100%| O|  |TAMS 0x0000000087600000| PB 0x0000000087600000| Untracked 
| 119|0x0000000087700000, 0x0000000087800000, 0x0000000087800000|100%| O|  |TAMS 0x0000000087700000| PB 0x0000000087700000| Untracked 
| 120|0x0000000087800000, 0x0000000087900000, 0x0000000087900000|100%| O|  |TAMS 0x0000000087800000| PB 0x0000000087800000| Untracked 
| 121|0x0000000087900000, 0x00000000879ffff0, 0x0000000087a00000| 99%| O|  |TAMS 0x0000000087900000| PB 0x0000000087900000| Untracked 
| 122|0x0000000087a00000, 0x0000000087b00000, 0x0000000087b00000|100%| O|Cm|TAMS 0x0000000087a00000| PB 0x0000000087a00000| Complete 
| 123|0x0000000087b00000, 0x0000000087c00000, 0x0000000087c00000|100%| O|  |TAMS 0x0000000087b00000| PB 0x0000000087b00000| Untracked 
| 124|0x0000000087c00000, 0x0000000087cffef8, 0x0000000087d00000| 99%| O|  |TAMS 0x0000000087c00000| PB 0x0000000087c00000| Untracked 
| 125|0x0000000087d00000, 0x0000000087e00000, 0x0000000087e00000|100%| O|Cm|TAMS 0x0000000087d00000| PB 0x0000000087d00000| Complete 
| 126|0x0000000087e00000, 0x0000000087efffe0, 0x0000000087f00000| 99%| O|  |TAMS 0x0000000087e00000| PB 0x0000000087e00000| Untracked 
| 127|0x0000000087f00000, 0x0000000087ffffc0, 0x0000000088000000| 99%| O|  |TAMS 0x0000000087f00000| PB 0x0000000087f00000| Untracked 
| 128|0x0000000088000000, 0x0000000088100000, 0x0000000088100000|100%| O|Cm|TAMS 0x0000000088000000| PB 0x0000000088000000| Complete 
| 129|0x0000000088100000, 0x00000000881ffff8, 0x0000000088200000| 99%| O|  |TAMS 0x0000000088100000| PB 0x0000000088100000| Untracked 
| 130|0x0000000088200000, 0x0000000088300000, 0x0000000088300000|100%| O|  |TAMS 0x0000000088200000| PB 0x0000000088200000| Untracked 
| 131|0x0000000088300000, 0x0000000088400000, 0x0000000088400000|100%| O|  |TAMS 0x0000000088300000| PB 0x0000000088300000| Untracked 
| 132|0x0000000088400000, 0x00000000884ffff0, 0x0000000088500000| 99%| O|  |TAMS 0x0000000088400000| PB 0x0000000088400000| Untracked 
| 133|0x0000000088500000, 0x0000000088600000, 0x0000000088600000|100%| O|  |TAMS 0x0000000088500000| PB 0x0000000088500000| Untracked 
| 134|0x0000000088600000, 0x00000000886ffff0, 0x0000000088700000| 99%| O|  |TAMS 0x0000000088600000| PB 0x0000000088600000| Untracked 
| 135|0x0000000088700000, 0x00000000887ffff0, 0x0000000088800000| 99%| O|  |TAMS 0x0000000088700000| PB 0x0000000088700000| Untracked 
| 136|0x0000000088800000, 0x00000000888faae0, 0x0000000088900000| 97%| O|  |TAMS 0x0000000088800000| PB 0x0000000088800000| Untracked 
| 137|0x0000000088900000, 0x0000000088a00000, 0x0000000088a00000|100%| O|  |TAMS 0x0000000088900000| PB 0x0000000088900000| Untracked 
| 138|0x0000000088a00000, 0x0000000088afffd8, 0x0000000088b00000| 99%| O|  |TAMS 0x0000000088a00000| PB 0x0000000088a00000| Untracked 
| 139|0x0000000088b00000, 0x0000000088c00000, 0x0000000088c00000|100%| O|  |TAMS 0x0000000088b00000| PB 0x0000000088b00000| Untracked 
| 140|0x0000000088c00000, 0x0000000088d00000, 0x0000000088d00000|100%| O|  |TAMS 0x0000000088c00000| PB 0x0000000088c00000| Untracked 
| 141|0x0000000088d00000, 0x0000000088e00000, 0x0000000088e00000|100%| O|  |TAMS 0x0000000088d00000| PB 0x0000000088d00000| Untracked 
| 142|0x0000000088e00000, 0x0000000088eff8f8, 0x0000000088f00000| 99%| O|  |TAMS 0x0000000088e00000| PB 0x0000000088e00000| Untracked 
| 143|0x0000000088f00000, 0x0000000088fffff8, 0x0000000089000000| 99%| O|  |TAMS 0x0000000088f00000| PB 0x0000000088f00000| Untracked 
| 144|0x0000000089000000, 0x0000000089100000, 0x0000000089100000|100%| O|  |TAMS 0x0000000089000000| PB 0x0000000089000000| Untracked 
| 145|0x0000000089100000, 0x0000000089200000, 0x0000000089200000|100%| O|  |TAMS 0x0000000089100000| PB 0x0000000089100000| Untracked 
| 146|0x0000000089200000, 0x0000000089300000, 0x0000000089300000|100%| O|  |TAMS 0x0000000089200000| PB 0x0000000089200000| Untracked 
| 147|0x0000000089300000, 0x0000000089400000, 0x0000000089400000|100%| O|  |TAMS 0x0000000089300000| PB 0x0000000089300000| Untracked 
| 148|0x0000000089400000, 0x00000000894fffe8, 0x0000000089500000| 99%| O|  |TAMS 0x0000000089400000| PB 0x0000000089400000| Untracked 
| 149|0x0000000089500000, 0x00000000895fffe0, 0x0000000089600000| 99%| O|  |TAMS 0x0000000089500000| PB 0x0000000089500000| Untracked 
| 150|0x0000000089600000, 0x0000000089700000, 0x0000000089700000|100%| O|  |TAMS 0x0000000089600000| PB 0x0000000089600000| Untracked 
| 151|0x0000000089700000, 0x0000000089800000, 0x0000000089800000|100%| O|  |TAMS 0x0000000089700000| PB 0x0000000089700000| Untracked 
| 152|0x0000000089800000, 0x00000000898ffff8, 0x0000000089900000| 99%| O|  |TAMS 0x0000000089800000| PB 0x0000000089800000| Untracked 
| 153|0x0000000089900000, 0x0000000089a00000, 0x0000000089a00000|100%| O|  |TAMS 0x0000000089900000| PB 0x0000000089900000| Untracked 
| 154|0x0000000089a00000, 0x0000000089b00000, 0x0000000089b00000|100%| O|  |TAMS 0x0000000089a00000| PB 0x0000000089a00000| Untracked 
| 155|0x0000000089b00000, 0x0000000089c00000, 0x0000000089c00000|100%| O|  |TAMS 0x0000000089b00000| PB 0x0000000089b00000| Untracked 
| 156|0x0000000089c00000, 0x0000000089d00000, 0x0000000089d00000|100%| O|  |TAMS 0x0000000089c00000| PB 0x0000000089c00000| Untracked 
| 157|0x0000000089d00000, 0x0000000089e00000, 0x0000000089e00000|100%| O|Cm|TAMS 0x0000000089d00000| PB 0x0000000089d00000| Complete 
| 158|0x0000000089e00000, 0x0000000089e8e2d0, 0x0000000089f00000| 55%| O|  |TAMS 0x0000000089e00000| PB 0x0000000089e00000| Untracked 
| 159|0x0000000089f00000, 0x000000008a000000, 0x000000008a000000|100%| O|  |TAMS 0x0000000089f00000| PB 0x0000000089f00000| Untracked 
| 160|0x000000008a000000, 0x000000008a100000, 0x000000008a100000|100%| O|  |TAMS 0x000000008a000000| PB 0x000000008a000000| Untracked 
| 161|0x000000008a100000, 0x000000008a200000, 0x000000008a200000|100%|HS|  |TAMS 0x000000008a100000| PB 0x000000008a100000| Complete 
| 162|0x000000008a200000, 0x000000008a300000, 0x000000008a300000|100%| O|  |TAMS 0x000000008a200000| PB 0x000000008a200000| Untracked 
| 163|0x000000008a300000, 0x000000008a400000, 0x000000008a400000|100%| O|  |TAMS 0x000000008a300000| PB 0x000000008a300000| Untracked 
| 164|0x000000008a400000, 0x000000008a500000, 0x000000008a500000|100%| O|  |TAMS 0x000000008a400000| PB 0x000000008a400000| Untracked 
| 165|0x000000008a500000, 0x000000008a600000, 0x000000008a600000|100%| O|  |TAMS 0x000000008a500000| PB 0x000000008a500000| Untracked 
| 166|0x000000008a600000, 0x000000008a700000, 0x000000008a700000|100%| O|  |TAMS 0x000000008a600000| PB 0x000000008a600000| Untracked 
| 167|0x000000008a700000, 0x000000008a800000, 0x000000008a800000|100%| O|  |TAMS 0x000000008a700000| PB 0x000000008a700000| Untracked 
| 168|0x000000008a800000, 0x000000008a900000, 0x000000008a900000|100%| O|  |TAMS 0x000000008a800000| PB 0x000000008a800000| Untracked 
| 169|0x000000008a900000, 0x000000008aa00000, 0x000000008aa00000|100%| O|  |TAMS 0x000000008a900000| PB 0x000000008a900000| Untracked 
| 170|0x000000008aa00000, 0x000000008ab00000, 0x000000008ab00000|100%| O|  |TAMS 0x000000008aa00000| PB 0x000000008aa00000| Untracked 
| 171|0x000000008ab00000, 0x000000008ac00000, 0x000000008ac00000|100%|HS|  |TAMS 0x000000008ab00000| PB 0x000000008ab00000| Complete 
| 172|0x000000008ac00000, 0x000000008ad00000, 0x000000008ad00000|100%| O|  |TAMS 0x000000008ac00000| PB 0x000000008ac00000| Untracked 
| 173|0x000000008ad00000, 0x000000008ae00000, 0x000000008ae00000|100%|HS|  |TAMS 0x000000008ad00000| PB 0x000000008ad00000| Complete 
| 174|0x000000008ae00000, 0x000000008af00000, 0x000000008af00000|100%| O|  |TAMS 0x000000008ae00000| PB 0x000000008ae00000| Untracked 
| 175|0x000000008af00000, 0x000000008b000000, 0x000000008b000000|100%| O|  |TAMS 0x000000008af00000| PB 0x000000008af00000| Untracked 
| 176|0x000000008b000000, 0x000000008b100000, 0x000000008b100000|100%| O|  |TAMS 0x000000008b000000| PB 0x000000008b000000| Untracked 
| 177|0x000000008b100000, 0x000000008b200000, 0x000000008b200000|100%| O|  |TAMS 0x000000008b100000| PB 0x000000008b100000| Untracked 
| 178|0x000000008b200000, 0x000000008b300000, 0x000000008b300000|100%| O|  |TAMS 0x000000008b200000| PB 0x000000008b200000| Untracked 
| 179|0x000000008b300000, 0x000000008b400000, 0x000000008b400000|100%| O|  |TAMS 0x000000008b300000| PB 0x000000008b300000| Untracked 
| 180|0x000000008b400000, 0x000000008b500000, 0x000000008b500000|100%| O|  |TAMS 0x000000008b400000| PB 0x000000008b400000| Untracked 
| 181|0x000000008b500000, 0x000000008b600000, 0x000000008b600000|100%| O|  |TAMS 0x000000008b500000| PB 0x000000008b500000| Untracked 
| 182|0x000000008b600000, 0x000000008b700000, 0x000000008b700000|100%| O|  |TAMS 0x000000008b600000| PB 0x000000008b600000| Untracked 
| 183|0x000000008b700000, 0x000000008b800000, 0x000000008b800000|100%| O|  |TAMS 0x000000008b700000| PB 0x000000008b700000| Untracked 
| 184|0x000000008b800000, 0x000000008b900000, 0x000000008b900000|100%| O|  |TAMS 0x000000008b800000| PB 0x000000008b800000| Untracked 
| 185|0x000000008b900000, 0x000000008ba00000, 0x000000008ba00000|100%| O|  |TAMS 0x000000008b900000| PB 0x000000008b900000| Untracked 
| 186|0x000000008ba00000, 0x000000008ba00000, 0x000000008bb00000|  0%| F|  |TAMS 0x000000008ba00000| PB 0x000000008ba00000| Untracked 
| 187|0x000000008bb00000, 0x000000008bc00000, 0x000000008bc00000|100%| O|  |TAMS 0x000000008bb00000| PB 0x000000008bb00000| Untracked 
| 188|0x000000008bc00000, 0x000000008bd00000, 0x000000008bd00000|100%| O|  |TAMS 0x000000008bc00000| PB 0x000000008bc00000| Untracked 
| 189|0x000000008bd00000, 0x000000008be00000, 0x000000008be00000|100%| O|  |TAMS 0x000000008bd00000| PB 0x000000008bd00000| Untracked 
| 190|0x000000008be00000, 0x000000008bf00000, 0x000000008bf00000|100%| O|  |TAMS 0x000000008be00000| PB 0x000000008be00000| Untracked 
| 191|0x000000008bf00000, 0x000000008c000000, 0x000000008c000000|100%| O|  |TAMS 0x000000008bf00000| PB 0x000000008bf00000| Untracked 
| 192|0x000000008c000000, 0x000000008c100000, 0x000000008c100000|100%| O|  |TAMS 0x000000008c000000| PB 0x000000008c000000| Untracked 
| 193|0x000000008c100000, 0x000000008c200000, 0x000000008c200000|100%| O|  |TAMS 0x000000008c100000| PB 0x000000008c100000| Untracked 
| 194|0x000000008c200000, 0x000000008c300000, 0x000000008c300000|100%| O|  |TAMS 0x000000008c200000| PB 0x000000008c200000| Untracked 
| 195|0x000000008c300000, 0x000000008c400000, 0x000000008c400000|100%| O|  |TAMS 0x000000008c300000| PB 0x000000008c300000| Untracked 
| 196|0x000000008c400000, 0x000000008c500000, 0x000000008c500000|100%| O|  |TAMS 0x000000008c400000| PB 0x000000008c400000| Untracked 
| 197|0x000000008c500000, 0x000000008c600000, 0x000000008c600000|100%| O|  |TAMS 0x000000008c500000| PB 0x000000008c500000| Untracked 
| 198|0x000000008c600000, 0x000000008c700000, 0x000000008c700000|100%| O|  |TAMS 0x000000008c600000| PB 0x000000008c600000| Untracked 
| 199|0x000000008c700000, 0x000000008c800000, 0x000000008c800000|100%| O|  |TAMS 0x000000008c700000| PB 0x000000008c700000| Untracked 
| 200|0x000000008c800000, 0x000000008c900000, 0x000000008c900000|100%| O|  |TAMS 0x000000008c800000| PB 0x000000008c800000| Untracked 
| 201|0x000000008c900000, 0x000000008ca00000, 0x000000008ca00000|100%| O|Cm|TAMS 0x000000008c900000| PB 0x000000008c900000| Complete 
| 202|0x000000008ca00000, 0x000000008cb00000, 0x000000008cb00000|100%| O|  |TAMS 0x000000008ca00000| PB 0x000000008ca00000| Untracked 
| 203|0x000000008cb00000, 0x000000008cc00000, 0x000000008cc00000|100%| O|  |TAMS 0x000000008cb00000| PB 0x000000008cb00000| Untracked 
| 204|0x000000008cc00000, 0x000000008cd00000, 0x000000008cd00000|100%| O|  |TAMS 0x000000008cc00000| PB 0x000000008cc00000| Untracked 
| 205|0x000000008cd00000, 0x000000008ce00000, 0x000000008ce00000|100%| O|  |TAMS 0x000000008cd00000| PB 0x000000008cd00000| Untracked 
| 206|0x000000008ce00000, 0x000000008cf00000, 0x000000008cf00000|100%| O|  |TAMS 0x000000008ce00000| PB 0x000000008ce00000| Untracked 
| 207|0x000000008cf00000, 0x000000008d000000, 0x000000008d000000|100%| O|  |TAMS 0x000000008cf00000| PB 0x000000008cf00000| Untracked 
| 208|0x000000008d000000, 0x000000008d100000, 0x000000008d100000|100%| O|  |TAMS 0x000000008d000000| PB 0x000000008d000000| Untracked 
| 209|0x000000008d100000, 0x000000008d100000, 0x000000008d200000|  0%| F|  |TAMS 0x000000008d100000| PB 0x000000008d100000| Untracked 
| 210|0x000000008d200000, 0x000000008d300000, 0x000000008d300000|100%| O|  |TAMS 0x000000008d200000| PB 0x000000008d200000| Untracked 
| 211|0x000000008d300000, 0x000000008d400000, 0x000000008d400000|100%| O|Cm|TAMS 0x000000008d300000| PB 0x000000008d300000| Complete 
| 212|0x000000008d400000, 0x000000008d500000, 0x000000008d500000|100%| O|  |TAMS 0x000000008d400000| PB 0x000000008d400000| Untracked 
| 213|0x000000008d500000, 0x000000008d600000, 0x000000008d600000|100%| O|  |TAMS 0x000000008d500000| PB 0x000000008d500000| Untracked 
| 214|0x000000008d600000, 0x000000008d700000, 0x000000008d700000|100%| O|Cm|TAMS 0x000000008d600000| PB 0x000000008d600000| Complete 
| 215|0x000000008d700000, 0x000000008d800000, 0x000000008d800000|100%| O|Cm|TAMS 0x000000008d700000| PB 0x000000008d700000| Complete 
| 216|0x000000008d800000, 0x000000008d900000, 0x000000008d900000|100%| O|  |TAMS 0x000000008d800000| PB 0x000000008d800000| Untracked 
| 217|0x000000008d900000, 0x000000008da00000, 0x000000008da00000|100%| O|  |TAMS 0x000000008d900000| PB 0x000000008d900000| Untracked 
| 218|0x000000008da00000, 0x000000008db00000, 0x000000008db00000|100%| O|  |TAMS 0x000000008da00000| PB 0x000000008da00000| Untracked 
| 219|0x000000008db00000, 0x000000008dc00000, 0x000000008dc00000|100%| O|  |TAMS 0x000000008db00000| PB 0x000000008db00000| Untracked 
| 220|0x000000008dc00000, 0x000000008dd00000, 0x000000008dd00000|100%| O|Cm|TAMS 0x000000008dc00000| PB 0x000000008dc00000| Complete 
| 221|0x000000008dd00000, 0x000000008de00000, 0x000000008de00000|100%| O|  |TAMS 0x000000008dd00000| PB 0x000000008dd00000| Untracked 
| 222|0x000000008de00000, 0x000000008dee62d0, 0x000000008df00000| 89%| O|  |TAMS 0x000000008de00000| PB 0x000000008de00000| Untracked 
| 223|0x000000008df00000, 0x000000008e000000, 0x000000008e000000|100%| O|  |TAMS 0x000000008df00000| PB 0x000000008df00000| Untracked 
| 224|0x000000008e000000, 0x000000008e100000, 0x000000008e100000|100%| O|  |TAMS 0x000000008e000000| PB 0x000000008e000000| Untracked 
| 225|0x000000008e100000, 0x000000008e200000, 0x000000008e200000|100%| O|  |TAMS 0x000000008e100000| PB 0x000000008e100000| Untracked 
| 226|0x000000008e200000, 0x000000008e300000, 0x000000008e300000|100%| O|  |TAMS 0x000000008e200000| PB 0x000000008e200000| Untracked 
| 227|0x000000008e300000, 0x000000008e300000, 0x000000008e400000|  0%| F|  |TAMS 0x000000008e300000| PB 0x000000008e300000| Untracked 
| 228|0x000000008e400000, 0x000000008e500000, 0x000000008e500000|100%| O|  |TAMS 0x000000008e400000| PB 0x000000008e400000| Untracked 
| 229|0x000000008e500000, 0x000000008e600000, 0x000000008e600000|100%| O|  |TAMS 0x000000008e500000| PB 0x000000008e500000| Untracked 
| 230|0x000000008e600000, 0x000000008e700000, 0x000000008e700000|100%| O|  |TAMS 0x000000008e600000| PB 0x000000008e600000| Untracked 
| 231|0x000000008e700000, 0x000000008e800000, 0x000000008e800000|100%| O|Cm|TAMS 0x000000008e700000| PB 0x000000008e700000| Complete 
| 232|0x000000008e800000, 0x000000008e900000, 0x000000008e900000|100%| O|  |TAMS 0x000000008e800000| PB 0x000000008e800000| Untracked 
| 233|0x000000008e900000, 0x000000008ea00000, 0x000000008ea00000|100%| O|Cm|TAMS 0x000000008e900000| PB 0x000000008e900000| Complete 
| 234|0x000000008ea00000, 0x000000008eb00000, 0x000000008eb00000|100%| O|  |TAMS 0x000000008ea00000| PB 0x000000008ea00000| Untracked 
| 235|0x000000008eb00000, 0x000000008eb00000, 0x000000008ec00000|  0%| F|  |TAMS 0x000000008eb00000| PB 0x000000008eb00000| Untracked 
| 236|0x000000008ec00000, 0x000000008ec00000, 0x000000008ed00000|  0%| F|  |TAMS 0x000000008ec00000| PB 0x000000008ec00000| Untracked 
| 237|0x000000008ed00000, 0x000000008ee00000, 0x000000008ee00000|100%| O|Cm|TAMS 0x000000008ed00000| PB 0x000000008ed00000| Complete 
| 238|0x000000008ee00000, 0x000000008ef00000, 0x000000008ef00000|100%| O|  |TAMS 0x000000008ee00000| PB 0x000000008ee00000| Untracked 
| 239|0x000000008ef00000, 0x000000008f000000, 0x000000008f000000|100%| O|  |TAMS 0x000000008ef00000| PB 0x000000008ef00000| Untracked 
| 240|0x000000008f000000, 0x000000008f000000, 0x000000008f100000|  0%| F|  |TAMS 0x000000008f000000| PB 0x000000008f000000| Untracked 
| 241|0x000000008f100000, 0x000000008f200000, 0x000000008f200000|100%| O|Cm|TAMS 0x000000008f100000| PB 0x000000008f100000| Complete 
| 242|0x000000008f200000, 0x000000008f300000, 0x000000008f300000|100%| O|Cm|TAMS 0x000000008f200000| PB 0x000000008f200000| Complete 
| 243|0x000000008f300000, 0x000000008f400000, 0x000000008f400000|100%| O|  |TAMS 0x000000008f300000| PB 0x000000008f300000| Untracked 
| 244|0x000000008f400000, 0x000000008f500000, 0x000000008f500000|100%| O|  |TAMS 0x000000008f400000| PB 0x000000008f400000| Untracked 
| 245|0x000000008f500000, 0x000000008f600000, 0x000000008f600000|100%| O|Cm|TAMS 0x000000008f500000| PB 0x000000008f500000| Complete 
| 246|0x000000008f600000, 0x000000008f700000, 0x000000008f700000|100%|HS|  |TAMS 0x000000008f600000| PB 0x000000008f600000| Complete 
| 247|0x000000008f700000, 0x000000008f800000, 0x000000008f800000|100%|HC|  |TAMS 0x000000008f700000| PB 0x000000008f700000| Complete 
| 248|0x000000008f800000, 0x000000008f900000, 0x000000008f900000|100%| O|  |TAMS 0x000000008f800000| PB 0x000000008f800000| Untracked 
| 249|0x000000008f900000, 0x000000008fa00000, 0x000000008fa00000|100%| O|Cm|TAMS 0x000000008f900000| PB 0x000000008f900000| Complete 
| 250|0x000000008fa00000, 0x000000008fa00000, 0x000000008fb00000|  0%| F|  |TAMS 0x000000008fa00000| PB 0x000000008fa00000| Untracked 
| 251|0x000000008fb00000, 0x000000008fc00000, 0x000000008fc00000|100%| O|  |TAMS 0x000000008fb00000| PB 0x000000008fb00000| Untracked 
| 252|0x000000008fc00000, 0x000000008fd00000, 0x000000008fd00000|100%| O|  |TAMS 0x000000008fc00000| PB 0x000000008fc00000| Untracked 
| 253|0x000000008fd00000, 0x000000008fe00000, 0x000000008fe00000|100%| O|  |TAMS 0x000000008fd00000| PB 0x000000008fd00000| Untracked 
| 254|0x000000008fe00000, 0x000000008ff00000, 0x000000008ff00000|100%| O|  |TAMS 0x000000008fe00000| PB 0x000000008fe00000| Untracked 
| 255|0x000000008ff00000, 0x0000000090000000, 0x0000000090000000|100%| O|  |TAMS 0x000000008ff00000| PB 0x000000008ff00000| Untracked 
| 256|0x0000000090000000, 0x0000000090100000, 0x0000000090100000|100%| O|  |TAMS 0x0000000090000000| PB 0x0000000090000000| Untracked 
| 257|0x0000000090100000, 0x0000000090200000, 0x0000000090200000|100%| O|  |TAMS 0x0000000090100000| PB 0x0000000090100000| Untracked 
| 258|0x0000000090200000, 0x0000000090300000, 0x0000000090300000|100%| O|  |TAMS 0x0000000090200000| PB 0x0000000090200000| Untracked 
| 259|0x0000000090300000, 0x0000000090400000, 0x0000000090400000|100%| O|  |TAMS 0x0000000090300000| PB 0x0000000090300000| Untracked 
| 260|0x0000000090400000, 0x0000000090500000, 0x0000000090500000|100%| O|  |TAMS 0x0000000090400000| PB 0x0000000090400000| Untracked 
| 261|0x0000000090500000, 0x0000000090600000, 0x0000000090600000|100%| O|  |TAMS 0x0000000090500000| PB 0x0000000090500000| Untracked 
| 262|0x0000000090600000, 0x0000000090700000, 0x0000000090700000|100%| O|  |TAMS 0x0000000090600000| PB 0x0000000090600000| Untracked 
| 263|0x0000000090700000, 0x0000000090800000, 0x0000000090800000|100%| O|  |TAMS 0x0000000090700000| PB 0x0000000090700000| Untracked 
| 264|0x0000000090800000, 0x0000000090900000, 0x0000000090900000|100%| O|  |TAMS 0x0000000090800000| PB 0x0000000090800000| Untracked 
| 265|0x0000000090900000, 0x0000000090a00000, 0x0000000090a00000|100%| O|  |TAMS 0x0000000090900000| PB 0x0000000090900000| Untracked 
| 266|0x0000000090a00000, 0x0000000090b00000, 0x0000000090b00000|100%| O|  |TAMS 0x0000000090a00000| PB 0x0000000090a00000| Untracked 
| 267|0x0000000090b00000, 0x0000000090c00000, 0x0000000090c00000|100%| O|  |TAMS 0x0000000090b00000| PB 0x0000000090b00000| Untracked 
| 268|0x0000000090c00000, 0x0000000090d00000, 0x0000000090d00000|100%| O|  |TAMS 0x0000000090c00000| PB 0x0000000090c00000| Untracked 
| 269|0x0000000090d00000, 0x0000000090e00000, 0x0000000090e00000|100%| O|  |TAMS 0x0000000090d00000| PB 0x0000000090d00000| Untracked 
| 270|0x0000000090e00000, 0x0000000090f00000, 0x0000000090f00000|100%| O|  |TAMS 0x0000000090e00000| PB 0x0000000090e00000| Untracked 
| 271|0x0000000090f00000, 0x0000000091000000, 0x0000000091000000|100%| O|  |TAMS 0x0000000090f00000| PB 0x0000000090f00000| Untracked 
| 272|0x0000000091000000, 0x0000000091000000, 0x0000000091100000|  0%| F|  |TAMS 0x0000000091000000| PB 0x0000000091000000| Untracked 
| 273|0x0000000091100000, 0x0000000091200000, 0x0000000091200000|100%| O|  |TAMS 0x0000000091100000| PB 0x0000000091100000| Untracked 
| 274|0x0000000091200000, 0x0000000091300000, 0x0000000091300000|100%| O|  |TAMS 0x0000000091200000| PB 0x0000000091200000| Untracked 
| 275|0x0000000091300000, 0x0000000091300000, 0x0000000091400000|  0%| F|  |TAMS 0x0000000091300000| PB 0x0000000091300000| Untracked 
| 276|0x0000000091400000, 0x0000000091400000, 0x0000000091500000|  0%| F|  |TAMS 0x0000000091400000| PB 0x0000000091400000| Untracked 
| 277|0x0000000091500000, 0x0000000091600000, 0x0000000091600000|100%| O|  |TAMS 0x0000000091500000| PB 0x0000000091500000| Untracked 
| 278|0x0000000091600000, 0x0000000091700000, 0x0000000091700000|100%|HS|  |TAMS 0x0000000091600000| PB 0x0000000091600000| Complete 
| 279|0x0000000091700000, 0x0000000091800000, 0x0000000091800000|100%|HC|  |TAMS 0x0000000091700000| PB 0x0000000091700000| Complete 
| 280|0x0000000091800000, 0x0000000091900000, 0x0000000091900000|100%| O|Cm|TAMS 0x0000000091800000| PB 0x0000000091800000| Complete 
| 281|0x0000000091900000, 0x0000000091a00000, 0x0000000091a00000|100%| O|Cm|TAMS 0x0000000091900000| PB 0x0000000091900000| Complete 
| 282|0x0000000091a00000, 0x0000000091b00000, 0x0000000091b00000|100%| O|  |TAMS 0x0000000091a00000| PB 0x0000000091a00000| Untracked 
| 283|0x0000000091b00000, 0x0000000091c00000, 0x0000000091c00000|100%| O|  |TAMS 0x0000000091b00000| PB 0x0000000091b00000| Untracked 
| 284|0x0000000091c00000, 0x0000000091c00000, 0x0000000091d00000|  0%| F|  |TAMS 0x0000000091c00000| PB 0x0000000091c00000| Untracked 
| 285|0x0000000091d00000, 0x0000000091e00000, 0x0000000091e00000|100%|HS|  |TAMS 0x0000000091d00000| PB 0x0000000091d00000| Complete 
| 286|0x0000000091e00000, 0x0000000091f00000, 0x0000000091f00000|100%|HC|  |TAMS 0x0000000091e00000| PB 0x0000000091e00000| Complete 
| 287|0x0000000091f00000, 0x0000000091f00000, 0x0000000092000000|  0%| F|  |TAMS 0x0000000091f00000| PB 0x0000000091f00000| Untracked 
| 288|0x0000000092000000, 0x0000000092100000, 0x0000000092100000|100%| O|  |TAMS 0x0000000092000000| PB 0x0000000092000000| Untracked 
| 289|0x0000000092100000, 0x0000000092100000, 0x0000000092200000|  0%| F|  |TAMS 0x0000000092100000| PB 0x0000000092100000| Untracked 
| 290|0x0000000092200000, 0x0000000092300000, 0x0000000092300000|100%| O|  |TAMS 0x0000000092200000| PB 0x0000000092200000| Untracked 
| 291|0x0000000092300000, 0x0000000092400000, 0x0000000092400000|100%| O|  |TAMS 0x0000000092300000| PB 0x0000000092300000| Untracked 
| 292|0x0000000092400000, 0x0000000092500000, 0x0000000092500000|100%| O|  |TAMS 0x0000000092400000| PB 0x0000000092400000| Untracked 
| 293|0x0000000092500000, 0x0000000092500000, 0x0000000092600000|  0%| F|  |TAMS 0x0000000092500000| PB 0x0000000092500000| Untracked 
| 294|0x0000000092600000, 0x0000000092600000, 0x0000000092700000|  0%| F|  |TAMS 0x0000000092600000| PB 0x0000000092600000| Untracked 
| 295|0x0000000092700000, 0x0000000092800000, 0x0000000092800000|100%| O|  |TAMS 0x0000000092700000| PB 0x0000000092700000| Untracked 
| 296|0x0000000092800000, 0x0000000092900000, 0x0000000092900000|100%| O|  |TAMS 0x0000000092800000| PB 0x0000000092800000| Untracked 
| 297|0x0000000092900000, 0x0000000092900000, 0x0000000092a00000|  0%| F|  |TAMS 0x0000000092900000| PB 0x0000000092900000| Untracked 
| 298|0x0000000092a00000, 0x0000000092b00000, 0x0000000092b00000|100%| O|  |TAMS 0x0000000092a00000| PB 0x0000000092a00000| Untracked 
| 299|0x0000000092b00000, 0x0000000092c00000, 0x0000000092c00000|100%| O|Cm|TAMS 0x0000000092b00000| PB 0x0000000092b00000| Complete 
| 300|0x0000000092c00000, 0x0000000092d00000, 0x0000000092d00000|100%| O|  |TAMS 0x0000000092c00000| PB 0x0000000092c00000| Untracked 
| 301|0x0000000092d00000, 0x0000000092e00000, 0x0000000092e00000|100%| O|  |TAMS 0x0000000092d00000| PB 0x0000000092d00000| Untracked 
| 302|0x0000000092e00000, 0x0000000092f00000, 0x0000000092f00000|100%| O|Cm|TAMS 0x0000000092e00000| PB 0x0000000092e00000| Complete 
| 303|0x0000000092f00000, 0x0000000092f00000, 0x0000000093000000|  0%| F|  |TAMS 0x0000000092f00000| PB 0x0000000092f00000| Untracked 
| 304|0x0000000093000000, 0x0000000093100000, 0x0000000093100000|100%| O|  |TAMS 0x0000000093000000| PB 0x0000000093000000| Untracked 
| 305|0x0000000093100000, 0x0000000093200000, 0x0000000093200000|100%| O|Cm|TAMS 0x0000000093100000| PB 0x0000000093100000| Complete 
| 306|0x0000000093200000, 0x0000000093300000, 0x0000000093300000|100%| O|  |TAMS 0x0000000093200000| PB 0x0000000093200000| Untracked 
| 307|0x0000000093300000, 0x0000000093400000, 0x0000000093400000|100%| O|Cm|TAMS 0x0000000093300000| PB 0x0000000093300000| Complete 
| 308|0x0000000093400000, 0x0000000093500000, 0x0000000093500000|100%| O|  |TAMS 0x0000000093400000| PB 0x0000000093400000| Untracked 
| 309|0x0000000093500000, 0x0000000093600000, 0x0000000093600000|100%| O|Cm|TAMS 0x0000000093500000| PB 0x0000000093500000| Complete 
| 310|0x0000000093600000, 0x0000000093600000, 0x0000000093700000|  0%| F|  |TAMS 0x0000000093600000| PB 0x0000000093600000| Untracked 
| 311|0x0000000093700000, 0x0000000093800000, 0x0000000093800000|100%| O|Cm|TAMS 0x0000000093700000| PB 0x0000000093700000| Complete 
| 312|0x0000000093800000, 0x0000000093900000, 0x0000000093900000|100%| O|Cm|TAMS 0x0000000093800000| PB 0x0000000093800000| Complete 
| 313|0x0000000093900000, 0x0000000093a00000, 0x0000000093a00000|100%| O|Cm|TAMS 0x0000000093900000| PB 0x0000000093900000| Complete 
| 314|0x0000000093a00000, 0x0000000093b00000, 0x0000000093b00000|100%| O|Cm|TAMS 0x0000000093a00000| PB 0x0000000093a00000| Complete 
| 315|0x0000000093b00000, 0x0000000093c00000, 0x0000000093c00000|100%| O|Cm|TAMS 0x0000000093b00000| PB 0x0000000093b00000| Complete 
| 316|0x0000000093c00000, 0x0000000093d00000, 0x0000000093d00000|100%| O|  |TAMS 0x0000000093c00000| PB 0x0000000093c00000| Untracked 
| 317|0x0000000093d00000, 0x0000000093e00000, 0x0000000093e00000|100%| O|  |TAMS 0x0000000093d00000| PB 0x0000000093d00000| Untracked 
| 318|0x0000000093e00000, 0x0000000093e00000, 0x0000000093f00000|  0%| F|  |TAMS 0x0000000093e00000| PB 0x0000000093e00000| Untracked 
| 319|0x0000000093f00000, 0x0000000093f00000, 0x0000000094000000|  0%| F|  |TAMS 0x0000000093f00000| PB 0x0000000093f00000| Untracked 
| 320|0x0000000094000000, 0x0000000094100000, 0x0000000094100000|100%| O|  |TAMS 0x0000000094000000| PB 0x0000000094000000| Untracked 
| 321|0x0000000094100000, 0x0000000094100000, 0x0000000094200000|  0%| F|  |TAMS 0x0000000094100000| PB 0x0000000094100000| Untracked 
| 322|0x0000000094200000, 0x0000000094200000, 0x0000000094300000|  0%| F|  |TAMS 0x0000000094200000| PB 0x0000000094200000| Untracked 
| 323|0x0000000094300000, 0x0000000094300000, 0x0000000094400000|  0%| F|  |TAMS 0x0000000094300000| PB 0x0000000094300000| Untracked 
| 324|0x0000000094400000, 0x0000000094500000, 0x0000000094500000|100%| O|Cm|TAMS 0x0000000094400000| PB 0x0000000094400000| Complete 
| 325|0x0000000094500000, 0x0000000094500000, 0x0000000094600000|  0%| F|  |TAMS 0x0000000094500000| PB 0x0000000094500000| Untracked 
| 326|0x0000000094600000, 0x0000000094600000, 0x0000000094700000|  0%| F|  |TAMS 0x0000000094600000| PB 0x0000000094600000| Untracked 
| 327|0x0000000094700000, 0x0000000094800000, 0x0000000094800000|100%| O|  |TAMS 0x0000000094700000| PB 0x0000000094700000| Untracked 
| 328|0x0000000094800000, 0x0000000094900000, 0x0000000094900000|100%| O|  |TAMS 0x0000000094800000| PB 0x0000000094800000| Untracked 
| 329|0x0000000094900000, 0x0000000094a00000, 0x0000000094a00000|100%|HS|  |TAMS 0x0000000094900000| PB 0x0000000094900000| Complete 
| 330|0x0000000094a00000, 0x0000000094b00000, 0x0000000094b00000|100%|HC|  |TAMS 0x0000000094a00000| PB 0x0000000094a00000| Complete 
| 331|0x0000000094b00000, 0x0000000094c00000, 0x0000000094c00000|100%| O|  |TAMS 0x0000000094b00000| PB 0x0000000094b00000| Untracked 
| 332|0x0000000094c00000, 0x0000000094d00000, 0x0000000094d00000|100%| O|Cm|TAMS 0x0000000094c00000| PB 0x0000000094c00000| Complete 
| 333|0x0000000094d00000, 0x0000000094e00000, 0x0000000094e00000|100%| O|Cm|TAMS 0x0000000094d00000| PB 0x0000000094d00000| Complete 
| 334|0x0000000094e00000, 0x0000000094e00000, 0x0000000094f00000|  0%| F|  |TAMS 0x0000000094e00000| PB 0x0000000094e00000| Untracked 
| 335|0x0000000094f00000, 0x0000000094f00000, 0x0000000095000000|  0%| F|  |TAMS 0x0000000094f00000| PB 0x0000000094f00000| Untracked 
| 336|0x0000000095000000, 0x0000000095100000, 0x0000000095100000|100%| O|  |TAMS 0x0000000095000000| PB 0x0000000095000000| Untracked 
| 337|0x0000000095100000, 0x0000000095200000, 0x0000000095200000|100%| O|Cm|TAMS 0x0000000095100000| PB 0x0000000095100000| Complete 
| 338|0x0000000095200000, 0x0000000095200000, 0x0000000095300000|  0%| F|  |TAMS 0x0000000095200000| PB 0x0000000095200000| Untracked 
| 339|0x0000000095300000, 0x0000000095300000, 0x0000000095400000|  0%| F|  |TAMS 0x0000000095300000| PB 0x0000000095300000| Untracked 
| 340|0x0000000095400000, 0x0000000095500000, 0x0000000095500000|100%| O|  |TAMS 0x0000000095400000| PB 0x0000000095400000| Untracked 
| 341|0x0000000095500000, 0x0000000095500000, 0x0000000095600000|  0%| F|  |TAMS 0x0000000095500000| PB 0x0000000095500000| Untracked 
| 342|0x0000000095600000, 0x0000000095700000, 0x0000000095700000|100%| O|  |TAMS 0x0000000095600000| PB 0x0000000095600000| Untracked 
| 343|0x0000000095700000, 0x0000000095800000, 0x0000000095800000|100%| O|Cm|TAMS 0x0000000095700000| PB 0x0000000095700000| Complete 
| 344|0x0000000095800000, 0x0000000095900000, 0x0000000095900000|100%| O|  |TAMS 0x0000000095800000| PB 0x0000000095800000| Untracked 
| 345|0x0000000095900000, 0x0000000095a00000, 0x0000000095a00000|100%| O|  |TAMS 0x0000000095900000| PB 0x0000000095900000| Untracked 
| 346|0x0000000095a00000, 0x0000000095b00000, 0x0000000095b00000|100%| O|Cm|TAMS 0x0000000095a00000| PB 0x0000000095a00000| Complete 
| 347|0x0000000095b00000, 0x0000000095b00000, 0x0000000095c00000|  0%| F|  |TAMS 0x0000000095b00000| PB 0x0000000095b00000| Untracked 
| 348|0x0000000095c00000, 0x0000000095c00000, 0x0000000095d00000|  0%| F|  |TAMS 0x0000000095c00000| PB 0x0000000095c00000| Untracked 
| 349|0x0000000095d00000, 0x0000000095e00000, 0x0000000095e00000|100%| O|  |TAMS 0x0000000095d00000| PB 0x0000000095d00000| Untracked 
| 350|0x0000000095e00000, 0x0000000095f00000, 0x0000000095f00000|100%|HS|  |TAMS 0x0000000095e00000| PB 0x0000000095e00000| Complete 
| 351|0x0000000095f00000, 0x0000000096000000, 0x0000000096000000|100%|HC|  |TAMS 0x0000000095f00000| PB 0x0000000095f00000| Complete 
| 352|0x0000000096000000, 0x0000000096100000, 0x0000000096100000|100%| O|Cm|TAMS 0x0000000096000000| PB 0x0000000096000000| Complete 
| 353|0x0000000096100000, 0x0000000096100000, 0x0000000096200000|  0%| F|  |TAMS 0x0000000096100000| PB 0x0000000096100000| Untracked 
| 354|0x0000000096200000, 0x0000000096300000, 0x0000000096300000|100%| O|Cm|TAMS 0x0000000096200000| PB 0x0000000096200000| Complete 
| 355|0x0000000096300000, 0x0000000096400000, 0x0000000096400000|100%| O|Cm|TAMS 0x0000000096300000| PB 0x0000000096300000| Complete 
| 356|0x0000000096400000, 0x0000000096400000, 0x0000000096500000|  0%| F|  |TAMS 0x0000000096400000| PB 0x0000000096400000| Untracked 
| 357|0x0000000096500000, 0x0000000096500000, 0x0000000096600000|  0%| F|  |TAMS 0x0000000096500000| PB 0x0000000096500000| Untracked 
| 358|0x0000000096600000, 0x0000000096600000, 0x0000000096700000|  0%| F|  |TAMS 0x0000000096600000| PB 0x0000000096600000| Untracked 
| 359|0x0000000096700000, 0x0000000096700000, 0x0000000096800000|  0%| F|  |TAMS 0x0000000096700000| PB 0x0000000096700000| Untracked 
| 360|0x0000000096800000, 0x0000000096900000, 0x0000000096900000|100%| O|Cm|TAMS 0x0000000096800000| PB 0x0000000096800000| Complete 
| 361|0x0000000096900000, 0x0000000096a00000, 0x0000000096a00000|100%| O|  |TAMS 0x0000000096900000| PB 0x0000000096900000| Untracked 
| 362|0x0000000096a00000, 0x0000000096b00000, 0x0000000096b00000|100%| O|  |TAMS 0x0000000096a00000| PB 0x0000000096a00000| Untracked 
| 363|0x0000000096b00000, 0x0000000096b00000, 0x0000000096c00000|  0%| F|  |TAMS 0x0000000096b00000| PB 0x0000000096b00000| Untracked 
| 364|0x0000000096c00000, 0x0000000096d00000, 0x0000000096d00000|100%| O|Cm|TAMS 0x0000000096c00000| PB 0x0000000096c00000| Complete 
| 365|0x0000000096d00000, 0x0000000096e00000, 0x0000000096e00000|100%| O|Cm|TAMS 0x0000000096d00000| PB 0x0000000096d00000| Complete 
| 366|0x0000000096e00000, 0x0000000096f00000, 0x0000000096f00000|100%| O|Cm|TAMS 0x0000000096e00000| PB 0x0000000096e00000| Complete 
| 367|0x0000000096f00000, 0x0000000097000000, 0x0000000097000000|100%| O|Cm|TAMS 0x0000000096f00000| PB 0x0000000096f00000| Complete 
| 368|0x0000000097000000, 0x0000000097100000, 0x0000000097100000|100%| O|  |TAMS 0x0000000097000000| PB 0x0000000097000000| Untracked 
| 369|0x0000000097100000, 0x0000000097200000, 0x0000000097200000|100%| O|  |TAMS 0x0000000097100000| PB 0x0000000097100000| Untracked 
| 370|0x0000000097200000, 0x0000000097300000, 0x0000000097300000|100%| O|Cm|TAMS 0x0000000097200000| PB 0x0000000097200000| Complete 
| 371|0x0000000097300000, 0x0000000097400000, 0x0000000097400000|100%| O|  |TAMS 0x0000000097300000| PB 0x0000000097300000| Untracked 
| 372|0x0000000097400000, 0x0000000097500000, 0x0000000097500000|100%|HS|  |TAMS 0x0000000097400000| PB 0x0000000097400000| Complete 
| 373|0x0000000097500000, 0x0000000097600000, 0x0000000097600000|100%|HC|  |TAMS 0x0000000097500000| PB 0x0000000097500000| Complete 
| 374|0x0000000097600000, 0x0000000097700000, 0x0000000097700000|100%|HC|  |TAMS 0x0000000097600000| PB 0x0000000097600000| Complete 
| 375|0x0000000097700000, 0x0000000097800000, 0x0000000097800000|100%|HC|  |TAMS 0x0000000097700000| PB 0x0000000097700000| Complete 
| 376|0x0000000097800000, 0x0000000097900000, 0x0000000097900000|100%|HC|  |TAMS 0x0000000097800000| PB 0x0000000097800000| Complete 
| 377|0x0000000097900000, 0x0000000097a00000, 0x0000000097a00000|100%|HC|  |TAMS 0x0000000097900000| PB 0x0000000097900000| Complete 
| 378|0x0000000097a00000, 0x0000000097b00000, 0x0000000097b00000|100%|HC|  |TAMS 0x0000000097a00000| PB 0x0000000097a00000| Complete 
| 379|0x0000000097b00000, 0x0000000097c00000, 0x0000000097c00000|100%|HC|  |TAMS 0x0000000097b00000| PB 0x0000000097b00000| Complete 
| 380|0x0000000097c00000, 0x0000000097d00000, 0x0000000097d00000|100%|HC|  |TAMS 0x0000000097c00000| PB 0x0000000097c00000| Complete 
| 381|0x0000000097d00000, 0x0000000097e00000, 0x0000000097e00000|100%|HC|  |TAMS 0x0000000097d00000| PB 0x0000000097d00000| Complete 
| 382|0x0000000097e00000, 0x0000000097f00000, 0x0000000097f00000|100%|HC|  |TAMS 0x0000000097e00000| PB 0x0000000097e00000| Complete 
| 383|0x0000000097f00000, 0x0000000098000000, 0x0000000098000000|100%|HS|  |TAMS 0x0000000097f00000| PB 0x0000000097f00000| Complete 
| 384|0x0000000098000000, 0x0000000098100000, 0x0000000098100000|100%|HC|  |TAMS 0x0000000098000000| PB 0x0000000098000000| Complete 
| 385|0x0000000098100000, 0x0000000098200000, 0x0000000098200000|100%|HC|  |TAMS 0x0000000098100000| PB 0x0000000098100000| Complete 
| 386|0x0000000098200000, 0x0000000098300000, 0x0000000098300000|100%|HC|  |TAMS 0x0000000098200000| PB 0x0000000098200000| Complete 
| 387|0x0000000098300000, 0x0000000098400000, 0x0000000098400000|100%|HC|  |TAMS 0x0000000098300000| PB 0x0000000098300000| Complete 
| 388|0x0000000098400000, 0x0000000098500000, 0x0000000098500000|100%|HC|  |TAMS 0x0000000098400000| PB 0x0000000098400000| Complete 
| 389|0x0000000098500000, 0x0000000098600000, 0x0000000098600000|100%|HC|  |TAMS 0x0000000098500000| PB 0x0000000098500000| Complete 
| 390|0x0000000098600000, 0x0000000098700000, 0x0000000098700000|100%|HC|  |TAMS 0x0000000098600000| PB 0x0000000098600000| Complete 
| 391|0x0000000098700000, 0x0000000098800000, 0x0000000098800000|100%|HC|  |TAMS 0x0000000098700000| PB 0x0000000098700000| Complete 
| 392|0x0000000098800000, 0x0000000098900000, 0x0000000098900000|100%|HC|  |TAMS 0x0000000098800000| PB 0x0000000098800000| Complete 
| 393|0x0000000098900000, 0x0000000098a00000, 0x0000000098a00000|100%|HC|  |TAMS 0x0000000098900000| PB 0x0000000098900000| Complete 
| 394|0x0000000098a00000, 0x0000000098b00000, 0x0000000098b00000|100%|HC|  |TAMS 0x0000000098a00000| PB 0x0000000098a00000| Complete 
| 395|0x0000000098b00000, 0x0000000098c00000, 0x0000000098c00000|100%|HC|  |TAMS 0x0000000098b00000| PB 0x0000000098b00000| Complete 
| 396|0x0000000098c00000, 0x0000000098d00000, 0x0000000098d00000|100%|HC|  |TAMS 0x0000000098c00000| PB 0x0000000098c00000| Complete 
| 397|0x0000000098d00000, 0x0000000098e00000, 0x0000000098e00000|100%|HS|  |TAMS 0x0000000098d00000| PB 0x0000000098d00000| Complete 
| 398|0x0000000098e00000, 0x0000000098f00000, 0x0000000098f00000|100%|HC|  |TAMS 0x0000000098e00000| PB 0x0000000098e00000| Complete 
| 399|0x0000000098f00000, 0x0000000099000000, 0x0000000099000000|100%|HC|  |TAMS 0x0000000098f00000| PB 0x0000000098f00000| Complete 
| 400|0x0000000099000000, 0x0000000099100000, 0x0000000099100000|100%|HC|  |TAMS 0x0000000099000000| PB 0x0000000099000000| Complete 
| 401|0x0000000099100000, 0x0000000099200000, 0x0000000099200000|100%|HC|  |TAMS 0x0000000099100000| PB 0x0000000099100000| Complete 
| 402|0x0000000099200000, 0x0000000099300000, 0x0000000099300000|100%|HC|  |TAMS 0x0000000099200000| PB 0x0000000099200000| Complete 
| 403|0x0000000099300000, 0x0000000099400000, 0x0000000099400000|100%|HC|  |TAMS 0x0000000099300000| PB 0x0000000099300000| Complete 
| 404|0x0000000099400000, 0x0000000099500000, 0x0000000099500000|100%|HC|  |TAMS 0x0000000099400000| PB 0x0000000099400000| Complete 
| 405|0x0000000099500000, 0x0000000099600000, 0x0000000099600000|100%|HC|  |TAMS 0x0000000099500000| PB 0x0000000099500000| Complete 
| 406|0x0000000099600000, 0x0000000099700000, 0x0000000099700000|100%|HC|  |TAMS 0x0000000099600000| PB 0x0000000099600000| Complete 
| 407|0x0000000099700000, 0x0000000099800000, 0x0000000099800000|100%|HC|  |TAMS 0x0000000099700000| PB 0x0000000099700000| Complete 
| 408|0x0000000099800000, 0x0000000099900000, 0x0000000099900000|100%|HS|  |TAMS 0x0000000099800000| PB 0x0000000099800000| Complete 
| 409|0x0000000099900000, 0x0000000099a00000, 0x0000000099a00000|100%|HC|  |TAMS 0x0000000099900000| PB 0x0000000099900000| Complete 
| 410|0x0000000099a00000, 0x0000000099b00000, 0x0000000099b00000|100%|HC|  |TAMS 0x0000000099a00000| PB 0x0000000099a00000| Complete 
| 411|0x0000000099b00000, 0x0000000099c00000, 0x0000000099c00000|100%|HC|  |TAMS 0x0000000099b00000| PB 0x0000000099b00000| Complete 
| 412|0x0000000099c00000, 0x0000000099d00000, 0x0000000099d00000|100%|HC|  |TAMS 0x0000000099c00000| PB 0x0000000099c00000| Complete 
| 413|0x0000000099d00000, 0x0000000099e00000, 0x0000000099e00000|100%|HC|  |TAMS 0x0000000099d00000| PB 0x0000000099d00000| Complete 
| 414|0x0000000099e00000, 0x0000000099f00000, 0x0000000099f00000|100%|HC|  |TAMS 0x0000000099e00000| PB 0x0000000099e00000| Complete 
| 415|0x0000000099f00000, 0x000000009a000000, 0x000000009a000000|100%|HC|  |TAMS 0x0000000099f00000| PB 0x0000000099f00000| Complete 
| 416|0x000000009a000000, 0x000000009a100000, 0x000000009a100000|100%|HC|  |TAMS 0x000000009a000000| PB 0x000000009a000000| Complete 
| 417|0x000000009a100000, 0x000000009a200000, 0x000000009a200000|100%|HS|  |TAMS 0x000000009a100000| PB 0x000000009a100000| Complete 
| 418|0x000000009a200000, 0x000000009a300000, 0x000000009a300000|100%|HC|  |TAMS 0x000000009a200000| PB 0x000000009a200000| Complete 
| 419|0x000000009a300000, 0x000000009a400000, 0x000000009a400000|100%|HC|  |TAMS 0x000000009a300000| PB 0x000000009a300000| Complete 
| 420|0x000000009a400000, 0x000000009a500000, 0x000000009a500000|100%|HC|  |TAMS 0x000000009a400000| PB 0x000000009a400000| Complete 
| 421|0x000000009a500000, 0x000000009a600000, 0x000000009a600000|100%|HC|  |TAMS 0x000000009a500000| PB 0x000000009a500000| Complete 
| 422|0x000000009a600000, 0x000000009a700000, 0x000000009a700000|100%|HC|  |TAMS 0x000000009a600000| PB 0x000000009a600000| Complete 
| 423|0x000000009a700000, 0x000000009a800000, 0x000000009a800000|100%|HC|  |TAMS 0x000000009a700000| PB 0x000000009a700000| Complete 
| 424|0x000000009a800000, 0x000000009a900000, 0x000000009a900000|100%|HC|  |TAMS 0x000000009a800000| PB 0x000000009a800000| Complete 
| 425|0x000000009a900000, 0x000000009aa00000, 0x000000009aa00000|100%|HC|  |TAMS 0x000000009a900000| PB 0x000000009a900000| Complete 
| 426|0x000000009aa00000, 0x000000009ab00000, 0x000000009ab00000|100%|HC|  |TAMS 0x000000009aa00000| PB 0x000000009aa00000| Complete 
| 427|0x000000009ab00000, 0x000000009ac00000, 0x000000009ac00000|100%|HC|  |TAMS 0x000000009ab00000| PB 0x000000009ab00000| Complete 
| 428|0x000000009ac00000, 0x000000009ad00000, 0x000000009ad00000|100%|HC|  |TAMS 0x000000009ac00000| PB 0x000000009ac00000| Complete 
| 429|0x000000009ad00000, 0x000000009ae00000, 0x000000009ae00000|100%|HC|  |TAMS 0x000000009ad00000| PB 0x000000009ad00000| Complete 
| 430|0x000000009ae00000, 0x000000009af00000, 0x000000009af00000|100%|HC|  |TAMS 0x000000009ae00000| PB 0x000000009ae00000| Complete 
| 431|0x000000009af00000, 0x000000009b000000, 0x000000009b000000|100%|HS|  |TAMS 0x000000009af00000| PB 0x000000009af00000| Complete 
| 432|0x000000009b000000, 0x000000009b100000, 0x000000009b100000|100%|HC|  |TAMS 0x000000009b000000| PB 0x000000009b000000| Complete 
| 433|0x000000009b100000, 0x000000009b200000, 0x000000009b200000|100%|HC|  |TAMS 0x000000009b100000| PB 0x000000009b100000| Complete 
| 434|0x000000009b200000, 0x000000009b300000, 0x000000009b300000|100%|HC|  |TAMS 0x000000009b200000| PB 0x000000009b200000| Complete 
| 435|0x000000009b300000, 0x000000009b400000, 0x000000009b400000|100%|HC|  |TAMS 0x000000009b300000| PB 0x000000009b300000| Complete 
| 436|0x000000009b400000, 0x000000009b500000, 0x000000009b500000|100%|HC|  |TAMS 0x000000009b400000| PB 0x000000009b400000| Complete 
| 437|0x000000009b500000, 0x000000009b600000, 0x000000009b600000|100%|HC|  |TAMS 0x000000009b500000| PB 0x000000009b500000| Complete 
| 438|0x000000009b600000, 0x000000009b700000, 0x000000009b700000|100%|HC|  |TAMS 0x000000009b600000| PB 0x000000009b600000| Complete 
| 439|0x000000009b700000, 0x000000009b800000, 0x000000009b800000|100%|HC|  |TAMS 0x000000009b700000| PB 0x000000009b700000| Complete 
| 440|0x000000009b800000, 0x000000009b900000, 0x000000009b900000|100%|HS|  |TAMS 0x000000009b800000| PB 0x000000009b800000| Complete 
| 441|0x000000009b900000, 0x000000009ba00000, 0x000000009ba00000|100%|HC|  |TAMS 0x000000009b900000| PB 0x000000009b900000| Complete 
| 442|0x000000009ba00000, 0x000000009bb00000, 0x000000009bb00000|100%|HC|  |TAMS 0x000000009ba00000| PB 0x000000009ba00000| Complete 
| 443|0x000000009bb00000, 0x000000009bc00000, 0x000000009bc00000|100%|HC|  |TAMS 0x000000009bb00000| PB 0x000000009bb00000| Complete 
| 444|0x000000009bc00000, 0x000000009bd00000, 0x000000009bd00000|100%|HC|  |TAMS 0x000000009bc00000| PB 0x000000009bc00000| Complete 
| 445|0x000000009bd00000, 0x000000009be00000, 0x000000009be00000|100%|HC|  |TAMS 0x000000009bd00000| PB 0x000000009bd00000| Complete 
| 446|0x000000009be00000, 0x000000009bf00000, 0x000000009bf00000|100%|HC|  |TAMS 0x000000009be00000| PB 0x000000009be00000| Complete 
| 447|0x000000009bf00000, 0x000000009c000000, 0x000000009c000000|100%|HC|  |TAMS 0x000000009bf00000| PB 0x000000009bf00000| Complete 
| 448|0x000000009c000000, 0x000000009c100000, 0x000000009c100000|100%|HC|  |TAMS 0x000000009c000000| PB 0x000000009c000000| Complete 
| 449|0x000000009c100000, 0x000000009c200000, 0x000000009c200000|100%|HC|  |TAMS 0x000000009c100000| PB 0x000000009c100000| Complete 
| 450|0x000000009c200000, 0x000000009c300000, 0x000000009c300000|100%|HC|  |TAMS 0x000000009c200000| PB 0x000000009c200000| Complete 
| 451|0x000000009c300000, 0x000000009c400000, 0x000000009c400000|100%|HC|  |TAMS 0x000000009c300000| PB 0x000000009c300000| Complete 
| 452|0x000000009c400000, 0x000000009c500000, 0x000000009c500000|100%|HC|  |TAMS 0x000000009c400000| PB 0x000000009c400000| Complete 
| 453|0x000000009c500000, 0x000000009c600000, 0x000000009c600000|100%|HC|  |TAMS 0x000000009c500000| PB 0x000000009c500000| Complete 
| 454|0x000000009c600000, 0x000000009c700000, 0x000000009c700000|100%|HC|  |TAMS 0x000000009c600000| PB 0x000000009c600000| Complete 
| 455|0x000000009c700000, 0x000000009c800000, 0x000000009c800000|100%|HC|  |TAMS 0x000000009c700000| PB 0x000000009c700000| Complete 
| 456|0x000000009c800000, 0x000000009c900000, 0x000000009c900000|100%|HC|  |TAMS 0x000000009c800000| PB 0x000000009c800000| Complete 
| 457|0x000000009c900000, 0x000000009ca00000, 0x000000009ca00000|100%|HC|  |TAMS 0x000000009c900000| PB 0x000000009c900000| Complete 
| 458|0x000000009ca00000, 0x000000009cb00000, 0x000000009cb00000|100%|HC|  |TAMS 0x000000009ca00000| PB 0x000000009ca00000| Complete 
| 459|0x000000009cb00000, 0x000000009cc00000, 0x000000009cc00000|100%|HC|  |TAMS 0x000000009cb00000| PB 0x000000009cb00000| Complete 
| 460|0x000000009cc00000, 0x000000009cd00000, 0x000000009cd00000|100%|HC|  |TAMS 0x000000009cc00000| PB 0x000000009cc00000| Complete 
| 461|0x000000009cd00000, 0x000000009ce00000, 0x000000009ce00000|100%|HC|  |TAMS 0x000000009cd00000| PB 0x000000009cd00000| Complete 
| 462|0x000000009ce00000, 0x000000009cf00000, 0x000000009cf00000|100%|HC|  |TAMS 0x000000009ce00000| PB 0x000000009ce00000| Complete 
| 463|0x000000009cf00000, 0x000000009d000000, 0x000000009d000000|100%|HC|  |TAMS 0x000000009cf00000| PB 0x000000009cf00000| Complete 
| 464|0x000000009d000000, 0x000000009d100000, 0x000000009d100000|100%|HC|  |TAMS 0x000000009d000000| PB 0x000000009d000000| Complete 
| 465|0x000000009d100000, 0x000000009d200000, 0x000000009d200000|100%|HC|  |TAMS 0x000000009d100000| PB 0x000000009d100000| Complete 
| 466|0x000000009d200000, 0x000000009d300000, 0x000000009d300000|100%|HC|  |TAMS 0x000000009d200000| PB 0x000000009d200000| Complete 
| 467|0x000000009d300000, 0x000000009d400000, 0x000000009d400000|100%|HC|  |TAMS 0x000000009d300000| PB 0x000000009d300000| Complete 
| 468|0x000000009d400000, 0x000000009d500000, 0x000000009d500000|100%|HC|  |TAMS 0x000000009d400000| PB 0x000000009d400000| Complete 
| 469|0x000000009d500000, 0x000000009d600000, 0x000000009d600000|100%|HC|  |TAMS 0x000000009d500000| PB 0x000000009d500000| Complete 
| 470|0x000000009d600000, 0x000000009d700000, 0x000000009d700000|100%|HC|  |TAMS 0x000000009d600000| PB 0x000000009d600000| Complete 
| 471|0x000000009d700000, 0x000000009d800000, 0x000000009d800000|100%|HC|  |TAMS 0x000000009d700000| PB 0x000000009d700000| Complete 
| 472|0x000000009d800000, 0x000000009d900000, 0x000000009d900000|100%|HC|  |TAMS 0x000000009d800000| PB 0x000000009d800000| Complete 
| 473|0x000000009d900000, 0x000000009da00000, 0x000000009da00000|100%|HC|  |TAMS 0x000000009d900000| PB 0x000000009d900000| Complete 
| 474|0x000000009da00000, 0x000000009db00000, 0x000000009db00000|100%|HC|  |TAMS 0x000000009da00000| PB 0x000000009da00000| Complete 
| 475|0x000000009db00000, 0x000000009dc00000, 0x000000009dc00000|100%|HC|  |TAMS 0x000000009db00000| PB 0x000000009db00000| Complete 
| 476|0x000000009dc00000, 0x000000009dd00000, 0x000000009dd00000|100%|HC|  |TAMS 0x000000009dc00000| PB 0x000000009dc00000| Complete 
| 477|0x000000009dd00000, 0x000000009de00000, 0x000000009de00000|100%|HC|  |TAMS 0x000000009dd00000| PB 0x000000009dd00000| Complete 
| 478|0x000000009de00000, 0x000000009df00000, 0x000000009df00000|100%|HC|  |TAMS 0x000000009de00000| PB 0x000000009de00000| Complete 
| 479|0x000000009df00000, 0x000000009e000000, 0x000000009e000000|100%|HC|  |TAMS 0x000000009df00000| PB 0x000000009df00000| Complete 
| 480|0x000000009e000000, 0x000000009e100000, 0x000000009e100000|100%|HS|  |TAMS 0x000000009e000000| PB 0x000000009e000000| Complete 
| 481|0x000000009e100000, 0x000000009e200000, 0x000000009e200000|100%|HC|  |TAMS 0x000000009e100000| PB 0x000000009e100000| Complete 
| 482|0x000000009e200000, 0x000000009e300000, 0x000000009e300000|100%|HC|  |TAMS 0x000000009e200000| PB 0x000000009e200000| Complete 
| 483|0x000000009e300000, 0x000000009e400000, 0x000000009e400000|100%|HC|  |TAMS 0x000000009e300000| PB 0x000000009e300000| Complete 
| 484|0x000000009e400000, 0x000000009e500000, 0x000000009e500000|100%|HC|  |TAMS 0x000000009e400000| PB 0x000000009e400000| Complete 
| 485|0x000000009e500000, 0x000000009e600000, 0x000000009e600000|100%|HC|  |TAMS 0x000000009e500000| PB 0x000000009e500000| Complete 
| 486|0x000000009e600000, 0x000000009e700000, 0x000000009e700000|100%|HC|  |TAMS 0x000000009e600000| PB 0x000000009e600000| Complete 
| 487|0x000000009e700000, 0x000000009e800000, 0x000000009e800000|100%|HC|  |TAMS 0x000000009e700000| PB 0x000000009e700000| Complete 
| 488|0x000000009e800000, 0x000000009e900000, 0x000000009e900000|100%|HC|  |TAMS 0x000000009e800000| PB 0x000000009e800000| Complete 
| 489|0x000000009e900000, 0x000000009ea00000, 0x000000009ea00000|100%|HS|  |TAMS 0x000000009e900000| PB 0x000000009e900000| Complete 
| 490|0x000000009ea00000, 0x000000009eb00000, 0x000000009eb00000|100%|HC|  |TAMS 0x000000009ea00000| PB 0x000000009ea00000| Complete 
| 491|0x000000009eb00000, 0x000000009ec00000, 0x000000009ec00000|100%|HC|  |TAMS 0x000000009eb00000| PB 0x000000009eb00000| Complete 
| 492|0x000000009ec00000, 0x000000009ed00000, 0x000000009ed00000|100%|HC|  |TAMS 0x000000009ec00000| PB 0x000000009ec00000| Complete 
| 493|0x000000009ed00000, 0x000000009ee00000, 0x000000009ee00000|100%|HC|  |TAMS 0x000000009ed00000| PB 0x000000009ed00000| Complete 
| 494|0x000000009ee00000, 0x000000009ef00000, 0x000000009ef00000|100%|HC|  |TAMS 0x000000009ee00000| PB 0x000000009ee00000| Complete 
| 495|0x000000009ef00000, 0x000000009f000000, 0x000000009f000000|100%|HC|  |TAMS 0x000000009ef00000| PB 0x000000009ef00000| Complete 
| 496|0x000000009f000000, 0x000000009f100000, 0x000000009f100000|100%|HC|  |TAMS 0x000000009f000000| PB 0x000000009f000000| Complete 
| 497|0x000000009f100000, 0x000000009f200000, 0x000000009f200000|100%|HC|  |TAMS 0x000000009f100000| PB 0x000000009f100000| Complete 
| 498|0x000000009f200000, 0x000000009f300000, 0x000000009f300000|100%|HS|  |TAMS 0x000000009f200000| PB 0x000000009f200000| Complete 
| 499|0x000000009f300000, 0x000000009f400000, 0x000000009f400000|100%|HC|  |TAMS 0x000000009f300000| PB 0x000000009f300000| Complete 
| 500|0x000000009f400000, 0x000000009f500000, 0x000000009f500000|100%|HC|  |TAMS 0x000000009f400000| PB 0x000000009f400000| Complete 
| 501|0x000000009f500000, 0x000000009f600000, 0x000000009f600000|100%|HC|  |TAMS 0x000000009f500000| PB 0x000000009f500000| Complete 
| 502|0x000000009f600000, 0x000000009f700000, 0x000000009f700000|100%|HC|  |TAMS 0x000000009f600000| PB 0x000000009f600000| Complete 
| 503|0x000000009f700000, 0x000000009f800000, 0x000000009f800000|100%|HC|  |TAMS 0x000000009f700000| PB 0x000000009f700000| Complete 
| 504|0x000000009f800000, 0x000000009f900000, 0x000000009f900000|100%|HC|  |TAMS 0x000000009f800000| PB 0x000000009f800000| Complete 
| 505|0x000000009f900000, 0x000000009fa00000, 0x000000009fa00000|100%|HS|  |TAMS 0x000000009f900000| PB 0x000000009f900000| Complete 
| 506|0x000000009fa00000, 0x000000009fb00000, 0x000000009fb00000|100%|HC|  |TAMS 0x000000009fa00000| PB 0x000000009fa00000| Complete 
| 507|0x000000009fb00000, 0x000000009fc00000, 0x000000009fc00000|100%|HC|  |TAMS 0x000000009fb00000| PB 0x000000009fb00000| Complete 
| 508|0x000000009fc00000, 0x000000009fd00000, 0x000000009fd00000|100%|HC|  |TAMS 0x000000009fc00000| PB 0x000000009fc00000| Complete 
| 509|0x000000009fd00000, 0x000000009fe00000, 0x000000009fe00000|100%|HC|  |TAMS 0x000000009fd00000| PB 0x000000009fd00000| Complete 
| 510|0x000000009fe00000, 0x000000009ff00000, 0x000000009ff00000|100%|HC|  |TAMS 0x000000009fe00000| PB 0x000000009fe00000| Complete 
| 511|0x000000009ff00000, 0x00000000a0000000, 0x00000000a0000000|100%|HC|  |TAMS 0x000000009ff00000| PB 0x000000009ff00000| Complete 
| 512|0x00000000a0000000, 0x00000000a0100000, 0x00000000a0100000|100%|HC|  |TAMS 0x00000000a0000000| PB 0x00000000a0000000| Complete 
| 513|0x00000000a0100000, 0x00000000a0200000, 0x00000000a0200000|100%|HC|  |TAMS 0x00000000a0100000| PB 0x00000000a0100000| Complete 
| 514|0x00000000a0200000, 0x00000000a0300000, 0x00000000a0300000|100%|HC|  |TAMS 0x00000000a0200000| PB 0x00000000a0200000| Complete 
| 515|0x00000000a0300000, 0x00000000a0400000, 0x00000000a0400000|100%|HC|  |TAMS 0x00000000a0300000| PB 0x00000000a0300000| Complete 
| 516|0x00000000a0400000, 0x00000000a0500000, 0x00000000a0500000|100%|HC|  |TAMS 0x00000000a0400000| PB 0x00000000a0400000| Complete 
| 517|0x00000000a0500000, 0x00000000a0600000, 0x00000000a0600000|100%|HC|  |TAMS 0x00000000a0500000| PB 0x00000000a0500000| Complete 
| 518|0x00000000a0600000, 0x00000000a0700000, 0x00000000a0700000|100%|HC|  |TAMS 0x00000000a0600000| PB 0x00000000a0600000| Complete 
| 519|0x00000000a0700000, 0x00000000a0800000, 0x00000000a0800000|100%|HC|  |TAMS 0x00000000a0700000| PB 0x00000000a0700000| Complete 
| 520|0x00000000a0800000, 0x00000000a0900000, 0x00000000a0900000|100%|HC|  |TAMS 0x00000000a0800000| PB 0x00000000a0800000| Complete 
| 521|0x00000000a0900000, 0x00000000a0a00000, 0x00000000a0a00000|100%|HC|  |TAMS 0x00000000a0900000| PB 0x00000000a0900000| Complete 
| 522|0x00000000a0a00000, 0x00000000a0b00000, 0x00000000a0b00000|100%|HC|  |TAMS 0x00000000a0a00000| PB 0x00000000a0a00000| Complete 
| 523|0x00000000a0b00000, 0x00000000a0c00000, 0x00000000a0c00000|100%|HC|  |TAMS 0x00000000a0b00000| PB 0x00000000a0b00000| Complete 
| 524|0x00000000a0c00000, 0x00000000a0d00000, 0x00000000a0d00000|100%|HC|  |TAMS 0x00000000a0c00000| PB 0x00000000a0c00000| Complete 
| 525|0x00000000a0d00000, 0x00000000a0e00000, 0x00000000a0e00000|100%|HC|  |TAMS 0x00000000a0d00000| PB 0x00000000a0d00000| Complete 
| 526|0x00000000a0e00000, 0x00000000a0f00000, 0x00000000a0f00000|100%|HC|  |TAMS 0x00000000a0e00000| PB 0x00000000a0e00000| Complete 
| 527|0x00000000a0f00000, 0x00000000a1000000, 0x00000000a1000000|100%|HC|  |TAMS 0x00000000a0f00000| PB 0x00000000a0f00000| Complete 
| 528|0x00000000a1000000, 0x00000000a1100000, 0x00000000a1100000|100%|HC|  |TAMS 0x00000000a1000000| PB 0x00000000a1000000| Complete 
| 529|0x00000000a1100000, 0x00000000a1200000, 0x00000000a1200000|100%|HC|  |TAMS 0x00000000a1100000| PB 0x00000000a1100000| Complete 
| 530|0x00000000a1200000, 0x00000000a1300000, 0x00000000a1300000|100%|HC|  |TAMS 0x00000000a1200000| PB 0x00000000a1200000| Complete 
| 531|0x00000000a1300000, 0x00000000a1400000, 0x00000000a1400000|100%|HC|  |TAMS 0x00000000a1300000| PB 0x00000000a1300000| Complete 
| 532|0x00000000a1400000, 0x00000000a1500000, 0x00000000a1500000|100%|HC|  |TAMS 0x00000000a1400000| PB 0x00000000a1400000| Complete 
| 533|0x00000000a1500000, 0x00000000a1600000, 0x00000000a1600000|100%|HC|  |TAMS 0x00000000a1500000| PB 0x00000000a1500000| Complete 
| 534|0x00000000a1600000, 0x00000000a1700000, 0x00000000a1700000|100%|HC|  |TAMS 0x00000000a1600000| PB 0x00000000a1600000| Complete 
| 535|0x00000000a1700000, 0x00000000a1800000, 0x00000000a1800000|100%|HC|  |TAMS 0x00000000a1700000| PB 0x00000000a1700000| Complete 
| 536|0x00000000a1800000, 0x00000000a1900000, 0x00000000a1900000|100%|HC|  |TAMS 0x00000000a1800000| PB 0x00000000a1800000| Complete 
| 537|0x00000000a1900000, 0x00000000a1a00000, 0x00000000a1a00000|100%|HC|  |TAMS 0x00000000a1900000| PB 0x00000000a1900000| Complete 
| 538|0x00000000a1a00000, 0x00000000a1b00000, 0x00000000a1b00000|100%|HC|  |TAMS 0x00000000a1a00000| PB 0x00000000a1a00000| Complete 
| 539|0x00000000a1b00000, 0x00000000a1c00000, 0x00000000a1c00000|100%|HC|  |TAMS 0x00000000a1b00000| PB 0x00000000a1b00000| Complete 
| 540|0x00000000a1c00000, 0x00000000a1d00000, 0x00000000a1d00000|100%|HC|  |TAMS 0x00000000a1c00000| PB 0x00000000a1c00000| Complete 
| 541|0x00000000a1d00000, 0x00000000a1e00000, 0x00000000a1e00000|100%|HC|  |TAMS 0x00000000a1d00000| PB 0x00000000a1d00000| Complete 
| 542|0x00000000a1e00000, 0x00000000a1f00000, 0x00000000a1f00000|100%|HC|  |TAMS 0x00000000a1e00000| PB 0x00000000a1e00000| Complete 
| 543|0x00000000a1f00000, 0x00000000a2000000, 0x00000000a2000000|100%|HC|  |TAMS 0x00000000a1f00000| PB 0x00000000a1f00000| Complete 
| 544|0x00000000a2000000, 0x00000000a2100000, 0x00000000a2100000|100%|HC|  |TAMS 0x00000000a2000000| PB 0x00000000a2000000| Complete 
| 545|0x00000000a2100000, 0x00000000a2200000, 0x00000000a2200000|100%|HS|  |TAMS 0x00000000a2100000| PB 0x00000000a2100000| Complete 
| 546|0x00000000a2200000, 0x00000000a2300000, 0x00000000a2300000|100%|HC|  |TAMS 0x00000000a2200000| PB 0x00000000a2200000| Complete 
| 547|0x00000000a2300000, 0x00000000a2400000, 0x00000000a2400000|100%|HC|  |TAMS 0x00000000a2300000| PB 0x00000000a2300000| Complete 
| 548|0x00000000a2400000, 0x00000000a2500000, 0x00000000a2500000|100%|HC|  |TAMS 0x00000000a2400000| PB 0x00000000a2400000| Complete 
| 549|0x00000000a2500000, 0x00000000a2600000, 0x00000000a2600000|100%|HC|  |TAMS 0x00000000a2500000| PB 0x00000000a2500000| Complete 
| 550|0x00000000a2600000, 0x00000000a2700000, 0x00000000a2700000|100%|HC|  |TAMS 0x00000000a2600000| PB 0x00000000a2600000| Complete 
| 551|0x00000000a2700000, 0x00000000a2800000, 0x00000000a2800000|100%|HC|  |TAMS 0x00000000a2700000| PB 0x00000000a2700000| Complete 
| 552|0x00000000a2800000, 0x00000000a2800000, 0x00000000a2900000|  0%| F|  |TAMS 0x00000000a2800000| PB 0x00000000a2800000| Untracked 
| 553|0x00000000a2900000, 0x00000000a2900000, 0x00000000a2a00000|  0%| F|  |TAMS 0x00000000a2900000| PB 0x00000000a2900000| Untracked 
| 554|0x00000000a2a00000, 0x00000000a2a00000, 0x00000000a2b00000|  0%| F|  |TAMS 0x00000000a2a00000| PB 0x00000000a2a00000| Untracked 
| 555|0x00000000a2b00000, 0x00000000a2b00000, 0x00000000a2c00000|  0%| F|  |TAMS 0x00000000a2b00000| PB 0x00000000a2b00000| Untracked 
| 556|0x00000000a2c00000, 0x00000000a2c00000, 0x00000000a2d00000|  0%| F|  |TAMS 0x00000000a2c00000| PB 0x00000000a2c00000| Untracked 
| 557|0x00000000a2d00000, 0x00000000a2d00000, 0x00000000a2e00000|  0%| F|  |TAMS 0x00000000a2d00000| PB 0x00000000a2d00000| Untracked 
| 558|0x00000000a2e00000, 0x00000000a2e00000, 0x00000000a2f00000|  0%| F|  |TAMS 0x00000000a2e00000| PB 0x00000000a2e00000| Untracked 
| 559|0x00000000a2f00000, 0x00000000a2f00000, 0x00000000a3000000|  0%| F|  |TAMS 0x00000000a2f00000| PB 0x00000000a2f00000| Untracked 
| 560|0x00000000a3000000, 0x00000000a3000000, 0x00000000a3100000|  0%| F|  |TAMS 0x00000000a3000000| PB 0x00000000a3000000| Untracked 
| 561|0x00000000a3100000, 0x00000000a3100000, 0x00000000a3200000|  0%| F|  |TAMS 0x00000000a3100000| PB 0x00000000a3100000| Untracked 
| 562|0x00000000a3200000, 0x00000000a3200000, 0x00000000a3300000|  0%| F|  |TAMS 0x00000000a3200000| PB 0x00000000a3200000| Untracked 
| 563|0x00000000a3300000, 0x00000000a3300000, 0x00000000a3400000|  0%| F|  |TAMS 0x00000000a3300000| PB 0x00000000a3300000| Untracked 
| 564|0x00000000a3400000, 0x00000000a3400000, 0x00000000a3500000|  0%| F|  |TAMS 0x00000000a3400000| PB 0x00000000a3400000| Untracked 
| 565|0x00000000a3500000, 0x00000000a3500000, 0x00000000a3600000|  0%| F|  |TAMS 0x00000000a3500000| PB 0x00000000a3500000| Untracked 
| 566|0x00000000a3600000, 0x00000000a3600000, 0x00000000a3700000|  0%| F|  |TAMS 0x00000000a3600000| PB 0x00000000a3600000| Untracked 
| 567|0x00000000a3700000, 0x00000000a3700000, 0x00000000a3800000|  0%| F|  |TAMS 0x00000000a3700000| PB 0x00000000a3700000| Untracked 
| 568|0x00000000a3800000, 0x00000000a3800000, 0x00000000a3900000|  0%| F|  |TAMS 0x00000000a3800000| PB 0x00000000a3800000| Untracked 
| 569|0x00000000a3900000, 0x00000000a3900000, 0x00000000a3a00000|  0%| F|  |TAMS 0x00000000a3900000| PB 0x00000000a3900000| Untracked 
| 570|0x00000000a3a00000, 0x00000000a3a00000, 0x00000000a3b00000|  0%| F|  |TAMS 0x00000000a3a00000| PB 0x00000000a3a00000| Untracked 
| 571|0x00000000a3b00000, 0x00000000a3b00000, 0x00000000a3c00000|  0%| F|  |TAMS 0x00000000a3b00000| PB 0x00000000a3b00000| Untracked 
| 572|0x00000000a3c00000, 0x00000000a3c555f0, 0x00000000a3d00000| 33%| S|CS|TAMS 0x00000000a3c00000| PB 0x00000000a3c00000| Complete 
| 573|0x00000000a3d00000, 0x00000000a3e00000, 0x00000000a3e00000|100%| S|CS|TAMS 0x00000000a3d00000| PB 0x00000000a3d00000| Complete 
| 574|0x00000000a3e00000, 0x00000000a3f00000, 0x00000000a3f00000|100%| S|CS|TAMS 0x00000000a3e00000| PB 0x00000000a3e00000| Complete 
| 575|0x00000000a3f00000, 0x00000000a4000000, 0x00000000a4000000|100%| S|CS|TAMS 0x00000000a3f00000| PB 0x00000000a3f00000| Complete 
| 576|0x00000000a4000000, 0x00000000a4100000, 0x00000000a4100000|100%| S|CS|TAMS 0x00000000a4000000| PB 0x00000000a4000000| Complete 
| 577|0x00000000a4100000, 0x00000000a4200000, 0x00000000a4200000|100%| S|CS|TAMS 0x00000000a4100000| PB 0x00000000a4100000| Complete 
| 578|0x00000000a4200000, 0x00000000a4300000, 0x00000000a4300000|100%| S|CS|TAMS 0x00000000a4200000| PB 0x00000000a4200000| Complete 
| 579|0x00000000a4300000, 0x00000000a4400000, 0x00000000a4400000|100%| S|CS|TAMS 0x00000000a4300000| PB 0x00000000a4300000| Complete 
| 580|0x00000000a4400000, 0x00000000a4400000, 0x00000000a4500000|  0%| F|  |TAMS 0x00000000a4400000| PB 0x00000000a4400000| Untracked 
| 581|0x00000000a4500000, 0x00000000a4500000, 0x00000000a4600000|  0%| F|  |TAMS 0x00000000a4500000| PB 0x00000000a4500000| Untracked 
| 582|0x00000000a4600000, 0x00000000a4600000, 0x00000000a4700000|  0%| F|  |TAMS 0x00000000a4600000| PB 0x00000000a4600000| Untracked 
| 583|0x00000000a4700000, 0x00000000a4700000, 0x00000000a4800000|  0%| F|  |TAMS 0x00000000a4700000| PB 0x00000000a4700000| Untracked 
| 584|0x00000000a4800000, 0x00000000a4800000, 0x00000000a4900000|  0%| F|  |TAMS 0x00000000a4800000| PB 0x00000000a4800000| Untracked 
| 585|0x00000000a4900000, 0x00000000a49d21c0, 0x00000000a4a00000| 82%| E|  |TAMS 0x00000000a4900000| PB 0x00000000a4900000| Complete 
| 586|0x00000000a4a00000, 0x00000000a4af0320, 0x00000000a4b00000| 93%| E|  |TAMS 0x00000000a4a00000| PB 0x00000000a4a00000| Complete 
| 587|0x00000000a4b00000, 0x00000000a4c00000, 0x00000000a4c00000|100%| E|CS|TAMS 0x00000000a4b00000| PB 0x00000000a4b00000| Complete 
| 588|0x00000000a4c00000, 0x00000000a4d00000, 0x00000000a4d00000|100%| E|CS|TAMS 0x00000000a4c00000| PB 0x00000000a4c00000| Complete 
| 589|0x00000000a4d00000, 0x00000000a4e00000, 0x00000000a4e00000|100%| E|CS|TAMS 0x00000000a4d00000| PB 0x00000000a4d00000| Complete 
| 590|0x00000000a4e00000, 0x00000000a4f00000, 0x00000000a4f00000|100%| E|CS|TAMS 0x00000000a4e00000| PB 0x00000000a4e00000| Complete 
| 591|0x00000000a4f00000, 0x00000000a5000000, 0x00000000a5000000|100%| E|CS|TAMS 0x00000000a4f00000| PB 0x00000000a4f00000| Complete 
| 592|0x00000000a5000000, 0x00000000a5100000, 0x00000000a5100000|100%| E|CS|TAMS 0x00000000a5000000| PB 0x00000000a5000000| Complete 
| 593|0x00000000a5100000, 0x00000000a5200000, 0x00000000a5200000|100%| E|CS|TAMS 0x00000000a5100000| PB 0x00000000a5100000| Complete 
| 594|0x00000000a5200000, 0x00000000a5300000, 0x00000000a5300000|100%| E|CS|TAMS 0x00000000a5200000| PB 0x00000000a5200000| Complete 
| 595|0x00000000a5300000, 0x00000000a5400000, 0x00000000a5400000|100%| E|CS|TAMS 0x00000000a5300000| PB 0x00000000a5300000| Complete 
| 596|0x00000000a5400000, 0x00000000a5500000, 0x00000000a5500000|100%| E|CS|TAMS 0x00000000a5400000| PB 0x00000000a5400000| Complete 
| 597|0x00000000a5500000, 0x00000000a5600000, 0x00000000a5600000|100%| E|CS|TAMS 0x00000000a5500000| PB 0x00000000a5500000| Complete 
| 598|0x00000000a5600000, 0x00000000a5700000, 0x00000000a5700000|100%| E|CS|TAMS 0x00000000a5600000| PB 0x00000000a5600000| Complete 
| 599|0x00000000a5700000, 0x00000000a5800000, 0x00000000a5800000|100%| E|CS|TAMS 0x00000000a5700000| PB 0x00000000a5700000| Complete 
| 600|0x00000000a5800000, 0x00000000a5900000, 0x00000000a5900000|100%| E|CS|TAMS 0x00000000a5800000| PB 0x00000000a5800000| Complete 
| 601|0x00000000a5900000, 0x00000000a5a00000, 0x00000000a5a00000|100%| E|CS|TAMS 0x00000000a5900000| PB 0x00000000a5900000| Complete 
| 602|0x00000000a5a00000, 0x00000000a5b00000, 0x00000000a5b00000|100%| E|CS|TAMS 0x00000000a5a00000| PB 0x00000000a5a00000| Complete 
| 603|0x00000000a5b00000, 0x00000000a5c00000, 0x00000000a5c00000|100%| E|CS|TAMS 0x00000000a5b00000| PB 0x00000000a5b00000| Complete 
| 604|0x00000000a5c00000, 0x00000000a5d00000, 0x00000000a5d00000|100%| E|CS|TAMS 0x00000000a5c00000| PB 0x00000000a5c00000| Complete 
| 605|0x00000000a5d00000, 0x00000000a5e00000, 0x00000000a5e00000|100%| E|CS|TAMS 0x00000000a5d00000| PB 0x00000000a5d00000| Complete 
| 606|0x00000000a5e00000, 0x00000000a5f00000, 0x00000000a5f00000|100%| E|CS|TAMS 0x00000000a5e00000| PB 0x00000000a5e00000| Complete 
| 607|0x00000000a5f00000, 0x00000000a6000000, 0x00000000a6000000|100%| E|CS|TAMS 0x00000000a5f00000| PB 0x00000000a5f00000| Complete 
| 608|0x00000000a6000000, 0x00000000a6100000, 0x00000000a6100000|100%| E|CS|TAMS 0x00000000a6000000| PB 0x00000000a6000000| Complete 
| 609|0x00000000a6100000, 0x00000000a6200000, 0x00000000a6200000|100%| E|CS|TAMS 0x00000000a6100000| PB 0x00000000a6100000| Complete 
| 610|0x00000000a6200000, 0x00000000a6300000, 0x00000000a6300000|100%| E|CS|TAMS 0x00000000a6200000| PB 0x00000000a6200000| Complete 
| 611|0x00000000a6300000, 0x00000000a6400000, 0x00000000a6400000|100%| E|CS|TAMS 0x00000000a6300000| PB 0x00000000a6300000| Complete 
| 612|0x00000000a6400000, 0x00000000a6500000, 0x00000000a6500000|100%| E|CS|TAMS 0x00000000a6400000| PB 0x00000000a6400000| Complete 
| 613|0x00000000a6500000, 0x00000000a6600000, 0x00000000a6600000|100%| E|CS|TAMS 0x00000000a6500000| PB 0x00000000a6500000| Complete 
| 614|0x00000000a6600000, 0x00000000a6700000, 0x00000000a6700000|100%| E|CS|TAMS 0x00000000a6600000| PB 0x00000000a6600000| Complete 
| 615|0x00000000a6700000, 0x00000000a6800000, 0x00000000a6800000|100%| E|CS|TAMS 0x00000000a6700000| PB 0x00000000a6700000| Complete 
| 616|0x00000000a6800000, 0x00000000a6900000, 0x00000000a6900000|100%| E|CS|TAMS 0x00000000a6800000| PB 0x00000000a6800000| Complete 
| 617|0x00000000a6900000, 0x00000000a6a00000, 0x00000000a6a00000|100%| E|CS|TAMS 0x00000000a6900000| PB 0x00000000a6900000| Complete 
| 618|0x00000000a6a00000, 0x00000000a6b00000, 0x00000000a6b00000|100%| E|CS|TAMS 0x00000000a6a00000| PB 0x00000000a6a00000| Complete 
| 619|0x00000000a6b00000, 0x00000000a6c00000, 0x00000000a6c00000|100%| E|CS|TAMS 0x00000000a6b00000| PB 0x00000000a6b00000| Complete 
| 620|0x00000000a6c00000, 0x00000000a6d00000, 0x00000000a6d00000|100%| E|CS|TAMS 0x00000000a6c00000| PB 0x00000000a6c00000| Complete 
| 621|0x00000000a6d00000, 0x00000000a6e00000, 0x00000000a6e00000|100%| E|CS|TAMS 0x00000000a6d00000| PB 0x00000000a6d00000| Complete 
| 622|0x00000000a6e00000, 0x00000000a6f00000, 0x00000000a6f00000|100%| E|CS|TAMS 0x00000000a6e00000| PB 0x00000000a6e00000| Complete 
| 623|0x00000000a6f00000, 0x00000000a7000000, 0x00000000a7000000|100%| E|CS|TAMS 0x00000000a6f00000| PB 0x00000000a6f00000| Complete 
| 624|0x00000000a7000000, 0x00000000a7100000, 0x00000000a7100000|100%| E|CS|TAMS 0x00000000a7000000| PB 0x00000000a7000000| Complete 
| 625|0x00000000a7100000, 0x00000000a7200000, 0x00000000a7200000|100%| E|CS|TAMS 0x00000000a7100000| PB 0x00000000a7100000| Complete 
| 626|0x00000000a7200000, 0x00000000a7300000, 0x00000000a7300000|100%| E|CS|TAMS 0x00000000a7200000| PB 0x00000000a7200000| Complete 
| 627|0x00000000a7300000, 0x00000000a7400000, 0x00000000a7400000|100%| E|CS|TAMS 0x00000000a7300000| PB 0x00000000a7300000| Complete 
| 628|0x00000000a7400000, 0x00000000a7500000, 0x00000000a7500000|100%| E|CS|TAMS 0x00000000a7400000| PB 0x00000000a7400000| Complete 
| 629|0x00000000a7500000, 0x00000000a7600000, 0x00000000a7600000|100%| E|CS|TAMS 0x00000000a7500000| PB 0x00000000a7500000| Complete 
| 630|0x00000000a7600000, 0x00000000a7700000, 0x00000000a7700000|100%| E|CS|TAMS 0x00000000a7600000| PB 0x00000000a7600000| Complete 
| 631|0x00000000a7700000, 0x00000000a7800000, 0x00000000a7800000|100%| E|CS|TAMS 0x00000000a7700000| PB 0x00000000a7700000| Complete 
| 632|0x00000000a7800000, 0x00000000a7900000, 0x00000000a7900000|100%| E|CS|TAMS 0x00000000a7800000| PB 0x00000000a7800000| Complete 
| 633|0x00000000a7900000, 0x00000000a7a00000, 0x00000000a7a00000|100%| E|CS|TAMS 0x00000000a7900000| PB 0x00000000a7900000| Complete 
| 634|0x00000000a7a00000, 0x00000000a7b00000, 0x00000000a7b00000|100%| E|CS|TAMS 0x00000000a7a00000| PB 0x00000000a7a00000| Complete 
| 635|0x00000000a7b00000, 0x00000000a7c00000, 0x00000000a7c00000|100%| E|CS|TAMS 0x00000000a7b00000| PB 0x00000000a7b00000| Complete 
| 636|0x00000000a7c00000, 0x00000000a7d00000, 0x00000000a7d00000|100%| E|CS|TAMS 0x00000000a7c00000| PB 0x00000000a7c00000| Complete 
| 637|0x00000000a7d00000, 0x00000000a7e00000, 0x00000000a7e00000|100%| E|CS|TAMS 0x00000000a7d00000| PB 0x00000000a7d00000| Complete 
| 638|0x00000000a7e00000, 0x00000000a7f00000, 0x00000000a7f00000|100%| E|CS|TAMS 0x00000000a7e00000| PB 0x00000000a7e00000| Complete 
| 639|0x00000000a7f00000, 0x00000000a8000000, 0x00000000a8000000|100%| E|CS|TAMS 0x00000000a7f00000| PB 0x00000000a7f00000| Complete 
| 640|0x00000000a8000000, 0x00000000a8100000, 0x00000000a8100000|100%| E|CS|TAMS 0x00000000a8000000| PB 0x00000000a8000000| Complete 
| 641|0x00000000a8100000, 0x00000000a8200000, 0x00000000a8200000|100%| E|CS|TAMS 0x00000000a8100000| PB 0x00000000a8100000| Complete 
| 642|0x00000000a8200000, 0x00000000a8300000, 0x00000000a8300000|100%| E|CS|TAMS 0x00000000a8200000| PB 0x00000000a8200000| Complete 
| 643|0x00000000a8300000, 0x00000000a8400000, 0x00000000a8400000|100%| E|CS|TAMS 0x00000000a8300000| PB 0x00000000a8300000| Complete 
| 644|0x00000000a8400000, 0x00000000a8500000, 0x00000000a8500000|100%| E|CS|TAMS 0x00000000a8400000| PB 0x00000000a8400000| Complete 
| 645|0x00000000a8500000, 0x00000000a8600000, 0x00000000a8600000|100%| E|CS|TAMS 0x00000000a8500000| PB 0x00000000a8500000| Complete 
| 646|0x00000000a8600000, 0x00000000a8700000, 0x00000000a8700000|100%| E|CS|TAMS 0x00000000a8600000| PB 0x00000000a8600000| Complete 
| 647|0x00000000a8700000, 0x00000000a8800000, 0x00000000a8800000|100%| E|CS|TAMS 0x00000000a8700000| PB 0x00000000a8700000| Complete 
| 648|0x00000000a8800000, 0x00000000a8900000, 0x00000000a8900000|100%| E|CS|TAMS 0x00000000a8800000| PB 0x00000000a8800000| Complete 
| 649|0x00000000a8900000, 0x00000000a8a00000, 0x00000000a8a00000|100%| E|CS|TAMS 0x00000000a8900000| PB 0x00000000a8900000| Complete 
| 650|0x00000000a8a00000, 0x00000000a8b00000, 0x00000000a8b00000|100%| E|CS|TAMS 0x00000000a8a00000| PB 0x00000000a8a00000| Complete 
| 651|0x00000000a8b00000, 0x00000000a8c00000, 0x00000000a8c00000|100%| E|CS|TAMS 0x00000000a8b00000| PB 0x00000000a8b00000| Complete 
| 652|0x00000000a8c00000, 0x00000000a8d00000, 0x00000000a8d00000|100%| E|CS|TAMS 0x00000000a8c00000| PB 0x00000000a8c00000| Complete 
| 653|0x00000000a8d00000, 0x00000000a8e00000, 0x00000000a8e00000|100%| E|CS|TAMS 0x00000000a8d00000| PB 0x00000000a8d00000| Complete 
| 654|0x00000000a8e00000, 0x00000000a8f00000, 0x00000000a8f00000|100%| E|CS|TAMS 0x00000000a8e00000| PB 0x00000000a8e00000| Complete 
| 655|0x00000000a8f00000, 0x00000000a9000000, 0x00000000a9000000|100%| E|CS|TAMS 0x00000000a8f00000| PB 0x00000000a8f00000| Complete 
| 656|0x00000000a9000000, 0x00000000a9100000, 0x00000000a9100000|100%| E|CS|TAMS 0x00000000a9000000| PB 0x00000000a9000000| Complete 
| 657|0x00000000a9100000, 0x00000000a9200000, 0x00000000a9200000|100%| E|CS|TAMS 0x00000000a9100000| PB 0x00000000a9100000| Complete 
| 658|0x00000000a9200000, 0x00000000a9300000, 0x00000000a9300000|100%| E|CS|TAMS 0x00000000a9200000| PB 0x00000000a9200000| Complete 
| 659|0x00000000a9300000, 0x00000000a9400000, 0x00000000a9400000|100%| E|CS|TAMS 0x00000000a9300000| PB 0x00000000a9300000| Complete 
| 660|0x00000000a9400000, 0x00000000a9500000, 0x00000000a9500000|100%| E|CS|TAMS 0x00000000a9400000| PB 0x00000000a9400000| Complete 
| 661|0x00000000a9500000, 0x00000000a9600000, 0x00000000a9600000|100%| E|CS|TAMS 0x00000000a9500000| PB 0x00000000a9500000| Complete 
| 662|0x00000000a9600000, 0x00000000a9700000, 0x00000000a9700000|100%| E|CS|TAMS 0x00000000a9600000| PB 0x00000000a9600000| Complete 
| 663|0x00000000a9700000, 0x00000000a9800000, 0x00000000a9800000|100%| E|CS|TAMS 0x00000000a9700000| PB 0x00000000a9700000| Complete 
| 664|0x00000000a9800000, 0x00000000a9900000, 0x00000000a9900000|100%| E|CS|TAMS 0x00000000a9800000| PB 0x00000000a9800000| Complete 
| 665|0x00000000a9900000, 0x00000000a9a00000, 0x00000000a9a00000|100%| E|CS|TAMS 0x00000000a9900000| PB 0x00000000a9900000| Complete 
| 666|0x00000000a9a00000, 0x00000000a9b00000, 0x00000000a9b00000|100%| E|CS|TAMS 0x00000000a9a00000| PB 0x00000000a9a00000| Complete 
| 667|0x00000000a9b00000, 0x00000000a9c00000, 0x00000000a9c00000|100%| E|CS|TAMS 0x00000000a9b00000| PB 0x00000000a9b00000| Complete 
| 668|0x00000000a9c00000, 0x00000000a9d00000, 0x00000000a9d00000|100%| E|CS|TAMS 0x00000000a9c00000| PB 0x00000000a9c00000| Complete 
| 669|0x00000000a9d00000, 0x00000000a9e00000, 0x00000000a9e00000|100%| E|CS|TAMS 0x00000000a9d00000| PB 0x00000000a9d00000| Complete 
| 670|0x00000000a9e00000, 0x00000000a9f00000, 0x00000000a9f00000|100%| E|CS|TAMS 0x00000000a9e00000| PB 0x00000000a9e00000| Complete 
| 671|0x00000000a9f00000, 0x00000000aa000000, 0x00000000aa000000|100%| E|CS|TAMS 0x00000000a9f00000| PB 0x00000000a9f00000| Complete 
| 672|0x00000000aa000000, 0x00000000aa100000, 0x00000000aa100000|100%| E|CS|TAMS 0x00000000aa000000| PB 0x00000000aa000000| Complete 
| 673|0x00000000aa100000, 0x00000000aa200000, 0x00000000aa200000|100%| E|CS|TAMS 0x00000000aa100000| PB 0x00000000aa100000| Complete 
| 674|0x00000000aa200000, 0x00000000aa300000, 0x00000000aa300000|100%| E|CS|TAMS 0x00000000aa200000| PB 0x00000000aa200000| Complete 
| 675|0x00000000aa300000, 0x00000000aa400000, 0x00000000aa400000|100%| E|CS|TAMS 0x00000000aa300000| PB 0x00000000aa300000| Complete 
| 676|0x00000000aa400000, 0x00000000aa500000, 0x00000000aa500000|100%| E|CS|TAMS 0x00000000aa400000| PB 0x00000000aa400000| Complete 
| 677|0x00000000aa500000, 0x00000000aa600000, 0x00000000aa600000|100%| E|CS|TAMS 0x00000000aa500000| PB 0x00000000aa500000| Complete 
| 678|0x00000000aa600000, 0x00000000aa700000, 0x00000000aa700000|100%| E|CS|TAMS 0x00000000aa600000| PB 0x00000000aa600000| Complete 
| 679|0x00000000aa700000, 0x00000000aa800000, 0x00000000aa800000|100%| E|CS|TAMS 0x00000000aa700000| PB 0x00000000aa700000| Complete 
| 680|0x00000000aa800000, 0x00000000aa900000, 0x00000000aa900000|100%| E|CS|TAMS 0x00000000aa800000| PB 0x00000000aa800000| Complete 
| 681|0x00000000aa900000, 0x00000000aaa00000, 0x00000000aaa00000|100%| E|CS|TAMS 0x00000000aa900000| PB 0x00000000aa900000| Complete 
| 682|0x00000000aaa00000, 0x00000000aab00000, 0x00000000aab00000|100%| E|CS|TAMS 0x00000000aaa00000| PB 0x00000000aaa00000| Complete 
| 683|0x00000000aab00000, 0x00000000aac00000, 0x00000000aac00000|100%| E|CS|TAMS 0x00000000aab00000| PB 0x00000000aab00000| Complete 
| 684|0x00000000aac00000, 0x00000000aad00000, 0x00000000aad00000|100%| E|CS|TAMS 0x00000000aac00000| PB 0x00000000aac00000| Complete 
| 685|0x00000000aad00000, 0x00000000aae00000, 0x00000000aae00000|100%| E|CS|TAMS 0x00000000aad00000| PB 0x00000000aad00000| Complete 
| 686|0x00000000aae00000, 0x00000000aaf00000, 0x00000000aaf00000|100%| E|CS|TAMS 0x00000000aae00000| PB 0x00000000aae00000| Complete 
| 687|0x00000000aaf00000, 0x00000000ab000000, 0x00000000ab000000|100%| E|CS|TAMS 0x00000000aaf00000| PB 0x00000000aaf00000| Complete 
| 688|0x00000000ab000000, 0x00000000ab100000, 0x00000000ab100000|100%| E|CS|TAMS 0x00000000ab000000| PB 0x00000000ab000000| Complete 
| 689|0x00000000ab100000, 0x00000000ab200000, 0x00000000ab200000|100%| E|CS|TAMS 0x00000000ab100000| PB 0x00000000ab100000| Complete 
| 690|0x00000000ab200000, 0x00000000ab300000, 0x00000000ab300000|100%| E|CS|TAMS 0x00000000ab200000| PB 0x00000000ab200000| Complete 
| 691|0x00000000ab300000, 0x00000000ab400000, 0x00000000ab400000|100%| E|CS|TAMS 0x00000000ab300000| PB 0x00000000ab300000| Complete 
| 692|0x00000000ab400000, 0x00000000ab500000, 0x00000000ab500000|100%| E|CS|TAMS 0x00000000ab400000| PB 0x00000000ab400000| Complete 
| 693|0x00000000ab500000, 0x00000000ab600000, 0x00000000ab600000|100%| E|CS|TAMS 0x00000000ab500000| PB 0x00000000ab500000| Complete 
| 694|0x00000000ab600000, 0x00000000ab700000, 0x00000000ab700000|100%| E|CS|TAMS 0x00000000ab600000| PB 0x00000000ab600000| Complete 
| 695|0x00000000ab700000, 0x00000000ab800000, 0x00000000ab800000|100%| E|CS|TAMS 0x00000000ab700000| PB 0x00000000ab700000| Complete 
| 696|0x00000000ab800000, 0x00000000ab900000, 0x00000000ab900000|100%| E|CS|TAMS 0x00000000ab800000| PB 0x00000000ab800000| Complete 
| 697|0x00000000ab900000, 0x00000000aba00000, 0x00000000aba00000|100%| E|CS|TAMS 0x00000000ab900000| PB 0x00000000ab900000| Complete 
| 698|0x00000000aba00000, 0x00000000abb00000, 0x00000000abb00000|100%| E|CS|TAMS 0x00000000aba00000| PB 0x00000000aba00000| Complete 
| 699|0x00000000abb00000, 0x00000000abc00000, 0x00000000abc00000|100%| E|CS|TAMS 0x00000000abb00000| PB 0x00000000abb00000| Complete 
| 700|0x00000000abc00000, 0x00000000abd00000, 0x00000000abd00000|100%| E|CS|TAMS 0x00000000abc00000| PB 0x00000000abc00000| Complete 
| 701|0x00000000abd00000, 0x00000000abe00000, 0x00000000abe00000|100%| E|CS|TAMS 0x00000000abd00000| PB 0x00000000abd00000| Complete 
| 702|0x00000000abe00000, 0x00000000abf00000, 0x00000000abf00000|100%| E|CS|TAMS 0x00000000abe00000| PB 0x00000000abe00000| Complete 
| 703|0x00000000abf00000, 0x00000000ac000000, 0x00000000ac000000|100%| E|CS|TAMS 0x00000000abf00000| PB 0x00000000abf00000| Complete 
| 704|0x00000000ac000000, 0x00000000ac100000, 0x00000000ac100000|100%| E|CS|TAMS 0x00000000ac000000| PB 0x00000000ac000000| Complete 
| 705|0x00000000ac100000, 0x00000000ac200000, 0x00000000ac200000|100%| E|CS|TAMS 0x00000000ac100000| PB 0x00000000ac100000| Complete 
| 706|0x00000000ac200000, 0x00000000ac300000, 0x00000000ac300000|100%| E|CS|TAMS 0x00000000ac200000| PB 0x00000000ac200000| Complete 
| 707|0x00000000ac300000, 0x00000000ac400000, 0x00000000ac400000|100%| E|CS|TAMS 0x00000000ac300000| PB 0x00000000ac300000| Complete 
| 708|0x00000000ac400000, 0x00000000ac500000, 0x00000000ac500000|100%| E|CS|TAMS 0x00000000ac400000| PB 0x00000000ac400000| Complete 
| 709|0x00000000ac500000, 0x00000000ac600000, 0x00000000ac600000|100%| E|CS|TAMS 0x00000000ac500000| PB 0x00000000ac500000| Complete 
| 710|0x00000000ac600000, 0x00000000ac700000, 0x00000000ac700000|100%| E|CS|TAMS 0x00000000ac600000| PB 0x00000000ac600000| Complete 
| 711|0x00000000ac700000, 0x00000000ac800000, 0x00000000ac800000|100%| E|CS|TAMS 0x00000000ac700000| PB 0x00000000ac700000| Complete 
| 712|0x00000000ac800000, 0x00000000ac900000, 0x00000000ac900000|100%| E|CS|TAMS 0x00000000ac800000| PB 0x00000000ac800000| Complete 
| 713|0x00000000ac900000, 0x00000000aca00000, 0x00000000aca00000|100%| E|CS|TAMS 0x00000000ac900000| PB 0x00000000ac900000| Complete 

Card table byte_map: [0x0000029413ac0000,0x0000029413ec0000] _byte_map_base: 0x00000294136c0000

Marking Bits: (CMBitMap*) 0x000002947fad0dd0
 Bits: [0x0000029413ec0000, 0x0000029415ec0000)

Polling page: 0x000002947f410000

Metaspace:

Usage:
  Non-class:    236.33 MB used.
      Class:     34.28 MB used.
       Both:    270.61 MB used.

Virtual space:
  Non-class space:      256.00 MB reserved,     237.38 MB ( 93%) committed,  4 nodes.
      Class space:        1.00 GB reserved,      35.31 MB (  3%) committed,  1 nodes.
             Both:        1.25 GB reserved,     272.69 MB ( 21%) committed. 

Chunk freelists:
   Non-Class:  2.52 MB
       Class:  12.75 MB
        Both:  15.26 MB

MaxMetaspaceSize: unlimited
CompressedClassSpaceSize: 1.00 GB
Initial GC threshold: 21.00 MB
Current GC threshold: 454.50 MB
CDS: off
 - commit_granule_bytes: 65536.
 - commit_granule_words: 8192.
 - virtual_space_node_default_size: 8388608.
 - enlarge_chunks_in_place: 1.
 - use_allocation_guard: 0.


Internal statistics:

num_allocs_failed_limit: 6.
num_arena_births: 8524.
num_arena_deaths: 4506.
num_vsnodes_births: 5.
num_vsnodes_deaths: 0.
num_space_committed: 4874.
num_space_uncommitted: 121.
num_chunks_returned_to_freelist: 7003.
num_chunks_taken_from_freelist: 24084.
num_chunk_merges: 2468.
num_chunk_splits: 14771.
num_chunks_enlarged: 10038.
num_inconsistent_stats: 0.

CodeHeap 'non-profiled nmethods': size=120000Kb used=38952Kb max_used=38952Kb free=81047Kb
 bounds [0x000002940bf70000, 0x000002940e580000, 0x00000294134a0000]
CodeHeap 'profiled nmethods': size=120000Kb used=65889Kb max_used=65889Kb free=54111Kb
 bounds [0x00000294044a0000, 0x0000029408510000, 0x000002940b9d0000]
CodeHeap 'non-nmethods': size=5760Kb used=3394Kb max_used=3487Kb free=2365Kb
 bounds [0x000002940b9d0000, 0x000002940bd50000, 0x000002940bf70000]
CodeCache: size=245760Kb, used=108235Kb, max_used=108328Kb, free=137523Kb
 total_blobs=32024, nmethods=30651, adapters=1275, full_count=0
Compilation: enabled, stopped_count=0, restarted_count=0

Compilation events (20 events):
Event: 20261.708 Thread 0x0000029428ae7940 nmethod 81134 0x000002940e569410 code [0x000002940e5695a0, 0x000002940e569628]
Event: 20261.711 Thread 0x0000029428ae7940 78652 %     4       com.android.tools.r8.internal.Vd::a @ 13 (94 bytes)
Event: 20261.830 Thread 0x00000294186a1d30 nmethod 75453 0x000002940e569710 code [0x000002940e569980, 0x000002940e56aa40]
Event: 20261.832 Thread 0x00000294186a1d30 79568       4       com.android.tools.r8.internal.Fy::a (79 bytes)
Event: 20261.888 Thread 0x0000029428ae7940 nmethod 78652% 0x000002940e56b110 code [0x000002940e56b3c0, 0x000002940e56c6a0]
Event: 20261.889 Thread 0x0000029428ae7940 78352       4       com.android.tools.r8.internal.Tm::a (54 bytes)
Event: 20261.908 Thread 0x0000029428ae7940 nmethod 78352 0x000002940e56d610 code [0x000002940e56d7c0, 0x000002940e56dbf8]
Event: 20261.909 Thread 0x0000029428ae7940 78659       4       com.android.tools.r8.internal.aA::e (55 bytes)
Event: 20261.957 Thread 0x00000294186a1d30 nmethod 79568 0x000002940e56de90 code [0x000002940e56e100, 0x000002940e56ec48]
Event: 20261.958 Thread 0x00000294186a1d30 79235 %     4       com.android.tools.r8.graph.r0::a @ 45 (175 bytes)
Event: 20262.069 Thread 0x0000029428ae7940 nmethod 78659 0x000002940e56f610 code [0x000002940e56f860, 0x000002940e570538]
Event: 20262.070 Thread 0x0000029428ae7940 78623       4       com.android.tools.r8.internal.Uk0::a (180 bytes)
Event: 20262.837 Thread 0x00000294186a1d30 nmethod 79235% 0x000002940e571210 code [0x000002940e571700, 0x000002940e575d58]
Event: 20262.838 Thread 0x00000294186a1d30 78311 %     4       java.util.AbstractQueue::addAll @ 34 (67 bytes)
Event: 20262.923 Thread 0x00000294186a1d30 nmethod 78311% 0x000002940e577d10 code [0x000002940e577f80, 0x000002940e578e20]
Event: 20262.924 Thread 0x00000294186a1d30 78560       4       com.android.tools.r8.graph.m3::a (66 bytes)
Event: 20262.936 Thread 0x00000294186a1d30 nmethod 78560 0x000002940e579910 code [0x000002940e579ac0, 0x000002940e579d78]
Event: 20262.937 Thread 0x00000294186a1d30 79254 %     4       java.util.TreeMap::getLastEntry @ 9 (26 bytes)
Event: 20262.940 Thread 0x00000294186a1d30 nmethod 79254% 0x000002940e579f90 code [0x000002940e57a120, 0x000002940e57a210]
Event: 20262.940 Thread 0x00000294186a1d30 78299       4       com.android.tools.r8.internal.kc0::a (1016 bytes)

GC Heap History (20 events):
Event: 20106.668 GC heap before
{Heap before GC invocations=369 (full 1):
 garbage-first heap   total 731136K, used 441160K [0x0000000080000000, 0x0000000100000000)
  region size 1024K, 80 young (81920K), 4 survivors (4096K)
 Metaspace       used 277206K, committed 279360K, reserved 1310720K
  class space    used 35113K, committed 36160K, reserved 1048576K
}
Event: 20106.813 GC heap after
{Heap after GC invocations=370 (full 1):
 garbage-first heap   total 731136K, used 373499K [0x0000000080000000, 0x0000000100000000)
  region size 1024K, 10 young (10240K), 10 survivors (10240K)
 Metaspace       used 277206K, committed 279360K, reserved 1310720K
  class space    used 35113K, committed 36160K, reserved 1048576K
}
Event: 20110.193 GC heap before
{Heap before GC invocations=370 (full 1):
 garbage-first heap   total 731136K, used 426747K [0x0000000080000000, 0x0000000100000000)
  region size 1024K, 63 young (64512K), 10 survivors (10240K)
 Metaspace       used 277236K, committed 279360K, reserved 1310720K
  class space    used 35118K, committed 36160K, reserved 1048576K
}
Event: 20110.283 GC heap after
{Heap after GC invocations=371 (full 1):
 garbage-first heap   total 731136K, used 373665K [0x0000000080000000, 0x0000000100000000)
  region size 1024K, 4 young (4096K), 4 survivors (4096K)
 Metaspace       used 277236K, committed 279360K, reserved 1310720K
  class space    used 35118K, committed 36160K, reserved 1048576K
}
Event: 20129.969 GC heap before
{Heap before GC invocations=371 (full 1):
 garbage-first heap   total 731136K, used 498593K [0x0000000080000000, 0x0000000100000000)
  region size 1024K, 126 young (129024K), 4 survivors (4096K)
 Metaspace       used 277250K, committed 279424K, reserved 1310720K
  class space    used 35118K, committed 36160K, reserved 1048576K
}
Event: 20130.081 GC heap after
{Heap after GC invocations=372 (full 1):
 garbage-first heap   total 731136K, used 379241K [0x0000000080000000, 0x0000000100000000)
  region size 1024K, 15 young (15360K), 15 survivors (15360K)
 Metaspace       used 277250K, committed 279424K, reserved 1310720K
  class space    used 35118K, committed 36160K, reserved 1048576K
}
Event: 20133.904 GC heap before
{Heap before GC invocations=372 (full 1):
 garbage-first heap   total 731136K, used 438633K [0x0000000080000000, 0x0000000100000000)
  region size 1024K, 73 young (74752K), 15 survivors (15360K)
 Metaspace       used 277256K, committed 279424K, reserved 1310720K
  class space    used 35119K, committed 36160K, reserved 1048576K
}
Event: 20134.110 GC heap after
{Heap after GC invocations=373 (full 1):
 garbage-first heap   total 731136K, used 377271K [0x0000000080000000, 0x0000000100000000)
  region size 1024K, 3 young (3072K), 3 survivors (3072K)
 Metaspace       used 277256K, committed 279424K, reserved 1310720K
  class space    used 35119K, committed 36160K, reserved 1048576K
}
Event: 20141.944 GC heap before
{Heap before GC invocations=373 (full 1):
 garbage-first heap   total 731136K, used 490935K [0x0000000080000000, 0x0000000100000000)
  region size 1024K, 114 young (116736K), 3 survivors (3072K)
 Metaspace       used 277256K, committed 279424K, reserved 1310720K
  class space    used 35119K, committed 36160K, reserved 1048576K
}
Event: 20141.998 GC heap after
{Heap after GC invocations=374 (full 1):
 garbage-first heap   total 731136K, used 371726K [0x0000000080000000, 0x0000000100000000)
  region size 1024K, 2 young (2048K), 2 survivors (2048K)
 Metaspace       used 277256K, committed 279424K, reserved 1310720K
  class space    used 35119K, committed 36160K, reserved 1048576K
}
Event: 20151.297 GC heap before
{Heap before GC invocations=374 (full 1):
 garbage-first heap   total 731136K, used 491534K [0x0000000080000000, 0x0000000100000000)
  region size 1024K, 119 young (121856K), 2 survivors (2048K)
 Metaspace       used 277271K, committed 279424K, reserved 1310720K
  class space    used 35119K, committed 36160K, reserved 1048576K
}
Event: 20151.342 GC heap after
{Heap after GC invocations=375 (full 1):
 garbage-first heap   total 731136K, used 369528K [0x0000000080000000, 0x0000000100000000)
  region size 1024K, 3 young (3072K), 3 survivors (3072K)
 Metaspace       used 277271K, committed 279424K, reserved 1310720K
  class space    used 35119K, committed 36160K, reserved 1048576K
}
Event: 20161.699 GC heap before
{Heap before GC invocations=375 (full 1):
 garbage-first heap   total 731136K, used 487288K [0x0000000080000000, 0x0000000100000000)
  region size 1024K, 118 young (120832K), 3 survivors (3072K)
 Metaspace       used 277287K, committed 279424K, reserved 1310720K
  class space    used 35119K, committed 36160K, reserved 1048576K
}
Event: 20161.715 GC heap after
{Heap after GC invocations=376 (full 1):
 garbage-first heap   total 731136K, used 369787K [0x0000000080000000, 0x0000000100000000)
  region size 1024K, 3 young (3072K), 3 survivors (3072K)
 Metaspace       used 277287K, committed 279424K, reserved 1310720K
  class space    used 35119K, committed 36160K, reserved 1048576K
}
Event: 20172.877 GC heap before
{Heap before GC invocations=377 (full 1):
 garbage-first heap   total 731136K, used 456827K [0x0000000080000000, 0x0000000100000000)
  region size 1024K, 101 young (103424K), 3 survivors (3072K)
 Metaspace       used 277000K, committed 279232K, reserved 1310720K
  class space    used 35097K, committed 36160K, reserved 1048576K
}
Event: 20172.904 GC heap after
{Heap after GC invocations=378 (full 1):
 garbage-first heap   total 731136K, used 358922K [0x0000000080000000, 0x0000000100000000)
  region size 1024K, 5 young (5120K), 5 survivors (5120K)
 Metaspace       used 277000K, committed 279232K, reserved 1310720K
  class space    used 35097K, committed 36160K, reserved 1048576K
}
Event: 20194.847 GC heap before
{Heap before GC invocations=378 (full 1):
 garbage-first heap   total 731136K, used 569866K [0x0000000080000000, 0x0000000100000000)
  region size 1024K, 212 young (217088K), 5 survivors (5120K)
 Metaspace       used 277006K, committed 279232K, reserved 1310720K
  class space    used 35097K, committed 36160K, reserved 1048576K
}
Event: 20194.975 GC heap after
{Heap after GC invocations=379 (full 1):
 garbage-first heap   total 731136K, used 353860K [0x0000000080000000, 0x0000000100000000)
  region size 1024K, 8 young (8192K), 8 survivors (8192K)
 Metaspace       used 277006K, committed 279232K, reserved 1310720K
  class space    used 35097K, committed 36160K, reserved 1048576K
}
Event: 20219.570 GC heap before
{Heap before GC invocations=379 (full 1):
 garbage-first heap   total 731136K, used 490052K [0x0000000080000000, 0x0000000100000000)
  region size 1024K, 142 young (145408K), 8 survivors (8192K)
 Metaspace       used 277050K, committed 279232K, reserved 1310720K
  class space    used 35099K, committed 36160K, reserved 1048576K
}
Event: 20219.648 GC heap after
{Heap after GC invocations=380 (full 1):
 garbage-first heap   total 731136K, used 345254K [0x0000000080000000, 0x0000000100000000)
  region size 1024K, 8 young (8192K), 8 survivors (8192K)
 Metaspace       used 277050K, committed 279232K, reserved 1310720K
  class space    used 35099K, committed 36160K, reserved 1048576K
}

Dll operation events (3 events):
Event: 0.110 Loaded shared library D:\Android Studio\jbr\bin\java.dll
Event: 0.141 Loaded shared library D:\Android Studio\jbr\bin\zip.dll
Event: 3.068 Loaded shared library D:\Android Studio\jbr\bin\verify.dll

Deoptimization events (20 events):
Event: 20243.595 Thread 0x0000029430cdcdd0 DEOPT PACKING pc=0x000002940840e338 sp=0x000000eb976fd1f0
Event: 20243.595 Thread 0x0000029430cdcdd0 DEOPT UNPACKING pc=0x000002940ba24e23 sp=0x000000eb976fc710 mode 0
Event: 20243.634 Thread 0x0000029430cdcdd0 DEOPT PACKING pc=0x0000029408435619 sp=0x000000eb976fd2d0
Event: 20243.634 Thread 0x0000029430cdcdd0 DEOPT UNPACKING pc=0x000002940ba24e23 sp=0x000000eb976fc860 mode 0
Event: 20243.791 Thread 0x0000029430b3f480 DEOPT PACKING pc=0x0000029408219dc5 sp=0x000000eb95ffcba0
Event: 20243.792 Thread 0x0000029430b3f480 DEOPT UNPACKING pc=0x000002940ba24e23 sp=0x000000eb95ffc0a8 mode 0
Event: 20244.491 Thread 0x0000029430cdcdd0 DEOPT PACKING pc=0x0000029408213ba5 sp=0x000000eb976fd030
Event: 20244.491 Thread 0x0000029430cdcdd0 DEOPT UNPACKING pc=0x000002940ba24e23 sp=0x000000eb976fc548 mode 0
Event: 20244.512 Thread 0x0000029430cdcdd0 DEOPT PACKING pc=0x0000029408219dc5 sp=0x000000eb976fcb20
Event: 20244.512 Thread 0x0000029430cdcdd0 DEOPT UNPACKING pc=0x000002940ba24e23 sp=0x000000eb976fc028 mode 0
Event: 20248.692 Thread 0x0000029430ccba30 Uncommon trap: trap_request=0xffffff45 fr.pc=0x000002940c82ec18 relative=0x0000000000000338
Event: 20248.692 Thread 0x0000029430ccba30 Uncommon trap: reason=unstable_if action=reinterpret pc=0x000002940c82ec18 method=com.google.common.collect.Lists.equalsImpl(Ljava/util/List;Ljava/lang/Object;)Z @ 85 c2
Event: 20248.693 Thread 0x0000029430ccba30 DEOPT PACKING pc=0x000002940c82ec18 sp=0x000000eb959fcda0
Event: 20248.693 Thread 0x0000029430ccba30 DEOPT UNPACKING pc=0x000002940ba2469c sp=0x000000eb959fccd0 mode 2
Event: 20249.943 Thread 0x0000029430cd1610 DEOPT PACKING pc=0x00000294084c7640 sp=0x000000eb968fd730
Event: 20249.943 Thread 0x0000029430cd1610 DEOPT UNPACKING pc=0x000002940ba24e23 sp=0x000000eb968fcb88 mode 0
Event: 20249.944 Thread 0x0000029430cd1610 DEOPT PACKING pc=0x00000294084c7640 sp=0x000000eb968fd730
Event: 20249.944 Thread 0x0000029430cd1610 DEOPT UNPACKING pc=0x000002940ba24e23 sp=0x000000eb968fcb88 mode 0
Event: 20249.952 Thread 0x0000029430cd1610 DEOPT PACKING pc=0x00000294084c7640 sp=0x000000eb968fd6d0
Event: 20249.952 Thread 0x0000029430cd1610 DEOPT UNPACKING pc=0x000002940ba24e23 sp=0x000000eb968fcb28 mode 0

Classes loaded (20 events):
Event: 19152.014 Loading class java/util/concurrent/atomic/AtomicIntegerFieldUpdater$AtomicIntegerFieldUpdaterImpl$1
Event: 19152.014 Loading class java/util/concurrent/atomic/AtomicIntegerFieldUpdater$AtomicIntegerFieldUpdaterImpl$1 done
Event: 19162.806 Loading class java/nio/channels/NonWritableChannelException
Event: 19162.809 Loading class java/nio/channels/NonWritableChannelException done
Event: 19172.231 Loading class sun/nio/cs/UTF_32BE
Event: 19172.234 Loading class sun/nio/cs/UTF_32BE done
Event: 19172.234 Loading class sun/nio/cs/UTF_32LE
Event: 19172.235 Loading class sun/nio/cs/UTF_32LE done
Event: 19172.235 Loading class sun/nio/cs/MS1251
Event: 19172.249 Loading class sun/nio/cs/MS1251 done
Event: 19177.733 Loading class java/beans/PropertyChangeSupport
Event: 19177.736 Loading class java/beans/PropertyChangeSupport done
Event: 19177.736 Loading class java/beans/PropertyChangeSupport$PropertyChangeListenerMap
Event: 19177.736 Loading class java/beans/ChangeListenerMap
Event: 19177.740 Loading class java/beans/ChangeListenerMap done
Event: 19177.740 Loading class java/beans/PropertyChangeSupport$PropertyChangeListenerMap done
Event: 19241.612 Loading class java/text/StringCharacterIterator
Event: 19241.616 Loading class java/text/CharacterIterator
Event: 19241.619 Loading class java/text/CharacterIterator done
Event: 19241.619 Loading class java/text/StringCharacterIterator done

Classes unloaded (20 events):
Event: 20164.599 Thread 0x00000294184b4cc0 Unloading class 0x000000010215f478 'jdk/internal/jimage/ImageHeader'
Event: 20164.599 Thread 0x00000294184b4cc0 Unloading class 0x000000010215f210 'jdk/internal/jimage/BasicImageReader$2'
Event: 20164.599 Thread 0x00000294184b4cc0 Unloading class 0x000000010215efa8 'jdk/internal/jimage/BasicImageReader$1'
Event: 20164.599 Thread 0x00000294184b4cc0 Unloading class 0x000000010215ed08 'jdk/internal/jimage/ImageReader$Resource'
Event: 20164.599 Thread 0x00000294184b4cc0 Unloading class 0x000000010215ea68 'jdk/internal/jimage/ImageReader$LinkNode'
Event: 20164.599 Thread 0x00000294184b4cc0 Unloading class 0x000000010215e7c8 'jdk/internal/jimage/ImageReader$Directory'
Event: 20164.599 Thread 0x00000294184b4cc0 Unloading class 0x000000010215e528 'jdk/internal/jimage/ImageReader$Node'
Event: 20164.599 Thread 0x00000294184b4cc0 Unloading class 0x000000010215e2f8 'jdk/internal/jimage/ImageStrings'
Event: 20164.599 Thread 0x00000294184b4cc0 Unloading class 0x000000010215e000 'jdk/internal/jimage/ImageReader$SharedImageReader'
Event: 20164.599 Thread 0x00000294184b4cc0 Unloading class 0x000000010215dbe0 'jdk/internal/jimage/BasicImageReader'
Event: 20164.599 Thread 0x00000294184b4cc0 Unloading class 0x000000010215d988 'jdk/internal/jimage/ImageReader'
Event: 20164.599 Thread 0x00000294184b4cc0 Unloading class 0x000000010215d728 'jdk/internal/jrtfs/SystemImage$2'
Event: 20164.599 Thread 0x00000294184b4cc0 Unloading class 0x000000010215d4d8 'jdk/internal/jrtfs/SystemImage$$Lambda+0x000000010215d4d8'
Event: 20164.599 Thread 0x00000294184b4cc0 Unloading class 0x000000010215d270 'jdk/internal/jrtfs/ExplodedImage'
Event: 20164.599 Thread 0x00000294184b4cc0 Unloading class 0x000000010215d000 'jdk/internal/jrtfs/SystemImage$1'
Event: 20164.599 Thread 0x00000294184b4cc0 Unloading class 0x000000010215cca0 'jdk/internal/jrtfs/SystemImage'
Event: 20164.599 Thread 0x00000294184b4cc0 Unloading class 0x000000010215ca08 'jdk/internal/jrtfs/JrtFileStore'
Event: 20164.599 Thread 0x00000294184b4cc0 Unloading class 0x000000010215c658 'jdk/internal/jrtfs/JrtPath'
Event: 20164.599 Thread 0x00000294184b4cc0 Unloading class 0x000000010215c328 'jdk/internal/jrtfs/JrtFileSystem'
Event: 20164.599 Thread 0x00000294184b4cc0 Unloading class 0x000000010215c000 'jdk/internal/jrtfs/JrtFileSystemProvider'

Classes redefined (0 events):
No events

Internal exceptions (20 events):
Event: 20233.680 Thread 0x0000029430cdcdd0 Exception <a 'sun/nio/fs/WindowsException'{0x00000000aabc0550}> (0x00000000aabc0550) 
thrown [s\src\hotspot\share\prims\jni.cpp, line 537]
Event: 20233.711 Thread 0x0000029430cdcdd0 Exception <a 'sun/nio/fs/WindowsException'{0x00000000aabc61c0}> (0x00000000aabc61c0) 
thrown [s\src\hotspot\share\prims\jni.cpp, line 537]
Event: 20234.398 Thread 0x0000029430cdcdd0 Exception <a 'sun/nio/fs/WindowsException'{0x00000000aabd2e80}> (0x00000000aabd2e80) 
thrown [s\src\hotspot\share\prims\jni.cpp, line 537]
Event: 20234.425 Thread 0x0000029430cdcdd0 Exception <a 'sun/nio/fs/WindowsException'{0x00000000aabd97a0}> (0x00000000aabd97a0) 
thrown [s\src\hotspot\share\prims\jni.cpp, line 537]
Event: 20234.492 Thread 0x0000029430cdcdd0 Exception <a 'sun/nio/fs/WindowsException'{0x00000000aabe0098}> (0x00000000aabe0098) 
thrown [s\src\hotspot\share\prims\jni.cpp, line 537]
Event: 20238.257 Thread 0x000002942a632b80 Exception <a 'sun/nio/fs/WindowsException'{0x00000000a8b03d58}> (0x00000000a8b03d58) 
thrown [s\src\hotspot\share\prims\jni.cpp, line 537]
Event: 20238.397 Thread 0x000002942a632b80 Exception <a 'sun/nio/fs/WindowsException'{0x00000000a8b219e8}> (0x00000000a8b219e8) 
thrown [s\src\hotspot\share\prims\jni.cpp, line 537]
Event: 20238.416 Thread 0x000002942a632b80 Exception <a 'sun/nio/fs/WindowsException'{0x00000000a8b29a50}> (0x00000000a8b29a50) 
thrown [s\src\hotspot\share\prims\jni.cpp, line 537]
Event: 20238.466 Thread 0x000002942a632b80 Exception <a 'sun/nio/fs/WindowsException'{0x00000000a8bc08f8}> (0x00000000a8bc08f8) 
thrown [s\src\hotspot\share\prims\jni.cpp, line 537]
Event: 20238.640 Thread 0x000002942a632b80 Exception <a 'sun/nio/fs/WindowsException'{0x00000000a8bc58b8}> (0x00000000a8bc58b8) 
thrown [s\src\hotspot\share\prims\jni.cpp, line 537]
Event: 20240.168 Thread 0x0000029430b3f480 Exception <a 'sun/nio/fs/WindowsException'{0x00000000a82f1598}> (0x00000000a82f1598) 
thrown [s\src\hotspot\share\prims\jni.cpp, line 537]
Event: 20241.224 Thread 0x0000029430cd1610 Exception <a 'sun/nio/fs/WindowsException'{0x00000000a7ea5790}> (0x00000000a7ea5790) 
thrown [s\src\hotspot\share\prims\jni.cpp, line 537]
Event: 20241.343 Thread 0x0000029430cd08f0 Exception <a 'sun/nio/fs/WindowsException'{0x00000000a7cccea0}> (0x00000000a7cccea0) 
thrown [s\src\hotspot\share\prims\jni.cpp, line 537]
Event: 20244.572 Thread 0x0000029430b3f480 Exception <a 'sun/nio/fs/WindowsException'{0x00000000a5bca530}> (0x00000000a5bca530) 
thrown [s\src\hotspot\share\prims\jni.cpp, line 537]
Event: 20244.888 Thread 0x0000029430cdcdd0 Exception <a 'sun/nio/fs/WindowsException'{0x00000000a572a1e8}> (0x00000000a572a1e8) 
thrown [s\src\hotspot\share\prims\jni.cpp, line 537]
Event: 20248.947 Thread 0x0000029430ccba30 Exception <a 'sun/nio/fs/WindowsException'{0x00000000a5693378}> (0x00000000a5693378) 
thrown [s\src\hotspot\share\prims\jni.cpp, line 537]
Event: 20248.948 Thread 0x0000029430ccba30 Exception <a 'sun/nio/fs/WindowsException'{0x00000000a5697238}> (0x00000000a5697238) 
thrown [s\src\hotspot\share\prims\jni.cpp, line 537]
Event: 20248.948 Thread 0x0000029430ccba30 Exception <a 'sun/nio/fs/WindowsException'{0x00000000a5697358}> (0x00000000a5697358) 
thrown [s\src\hotspot\share\prims\jni.cpp, line 537]
Event: 20249.118 Thread 0x0000029430ccba30 Exception <a 'sun/nio/fs/WindowsException'{0x00000000a56987e8}> (0x00000000a56987e8) 
thrown [s\src\hotspot\share\prims\jni.cpp, line 537]
Event: 20250.315 Thread 0x0000029430cd1610 Exception <a 'sun/nio/fs/WindowsException'{0x00000000a52f8f48}> (0x00000000a52f8f48) 
thrown [s\src\hotspot\share\prims\jni.cpp, line 537]

ZGC Phase Switch (0 events):
No events

VM Operations (20 events):
Event: 20243.047 Executing VM operation: Cleanup
Event: 20243.059 Executing VM operation: Cleanup done
Event: 20244.064 Executing VM operation: Cleanup
Event: 20244.069 Executing VM operation: Cleanup done
Event: 20245.072 Executing VM operation: Cleanup
Event: 20245.073 Executing VM operation: Cleanup done
Event: 20249.078 Executing VM operation: Cleanup
Event: 20249.079 Executing VM operation: Cleanup done
Event: 20250.081 Executing VM operation: Cleanup
Event: 20250.082 Executing VM operation: Cleanup done
Event: 20251.090 Executing VM operation: Cleanup
Event: 20251.096 Executing VM operation: Cleanup done
Event: 20252.097 Executing VM operation: Cleanup
Event: 20252.286 Executing VM operation: Cleanup done
Event: 20254.292 Executing VM operation: Cleanup
Event: 20254.313 Executing VM operation: Cleanup done
Event: 20261.337 Executing VM operation: Cleanup
Event: 20261.338 Executing VM operation: Cleanup done
Event: 20262.340 Executing VM operation: Cleanup
Event: 20262.817 Executing VM operation: Cleanup done

Memory protections (0 events):
No events

Nmethod flushes (20 events):
Event: 20165.285 Thread 0x00000294184b4cc0 flushing  nmethod 0x0000029405aac510
Event: 20165.285 Thread 0x00000294184b4cc0 flushing  nmethod 0x0000029405aaca90
Event: 20165.285 Thread 0x00000294184b4cc0 flushing  nmethod 0x0000029405acee90
Event: 20165.285 Thread 0x00000294184b4cc0 flushing  nmethod 0x0000029405b20990
Event: 20165.285 Thread 0x00000294184b4cc0 flushing  nmethod 0x0000029405f33f10
Event: 20165.285 Thread 0x00000294184b4cc0 flushing  nmethod 0x0000029405f85f10
Event: 20165.285 Thread 0x00000294184b4cc0 flushing  nmethod 0x0000029406117c90
Event: 20165.285 Thread 0x00000294184b4cc0 flushing  nmethod 0x0000029406155710
Event: 20165.285 Thread 0x00000294184b4cc0 flushing  nmethod 0x00000294061a4610
Event: 20165.285 Thread 0x00000294184b4cc0 flushing  nmethod 0x0000029406358f10
Event: 20165.285 Thread 0x00000294184b4cc0 flushing  nmethod 0x0000029406406490
Event: 20165.285 Thread 0x00000294184b4cc0 flushing  nmethod 0x000002940688e390
Event: 20165.285 Thread 0x00000294184b4cc0 flushing  nmethod 0x000002940690a390
Event: 20165.285 Thread 0x00000294184b4cc0 flushing  nmethod 0x0000029406af6810
Event: 20165.285 Thread 0x00000294184b4cc0 flushing  nmethod 0x0000029406bab390
Event: 20165.285 Thread 0x00000294184b4cc0 flushing  nmethod 0x0000029406bacf90
Event: 20165.285 Thread 0x00000294184b4cc0 flushing  nmethod 0x0000029406bbbb10
Event: 20165.285 Thread 0x00000294184b4cc0 flushing  nmethod 0x0000029406bd2190
Event: 20165.285 Thread 0x00000294184b4cc0 flushing  nmethod 0x000002940716a310
Event: 20165.285 Thread 0x00000294184b4cc0 flushing  nmethod 0x0000029407ff3f90

Events (20 events):
Event: 20037.156 Thread 0x00000294226df590 Thread exited: 0x00000294226df590
Event: 20037.281 Thread 0x00000294186adf40 Thread added: 0x0000029428ae7270
Event: 20037.532 Thread 0x0000029428ae7270 Thread exited: 0x0000029428ae7270
Event: 20044.587 Thread 0x00000294186a1d30 Thread added: 0x0000029428ae7940
Event: 20047.227 Thread 0x0000029428ae7940 Thread exited: 0x0000029428ae7940
Event: 20047.239 Thread 0x00000294186adf40 Thread added: 0x0000029428ae7940
Event: 20049.561 Thread 0x0000029430cd3050 Thread exited: 0x0000029430cd3050
Event: 20050.829 Thread 0x0000029428ae7940 Thread exited: 0x0000029428ae7940
Event: 20053.768 Thread 0x00000294186adf40 Thread added: 0x0000029428ae5060
Event: 20054.373 Thread 0x0000029428ae5060 Thread exited: 0x0000029428ae5060
Event: 20061.230 Thread 0x00000294186adf40 Thread added: 0x0000029428ae7940
Event: 20062.251 Thread 0x0000029428ae7940 Thread exited: 0x0000029428ae7940
Event: 20108.276 Thread 0x00000294186adf40 Thread added: 0x0000029428ae7940
Event: 20108.347 Thread 0x0000029430ccba30 Thread added: 0x000002942a632b80
Event: 20110.593 Thread 0x0000029430cd57b0 Thread exited: 0x0000029430cd57b0
Event: 20238.646 Thread 0x000002942a632b80 Thread added: 0x0000029430b3f480
Event: 20244.457 Thread 0x0000029430cd08f0 Thread exited: 0x0000029430cd08f0
Event: 20251.846 Thread 0x0000029430cd1610 Thread added: 0x0000029430b40830
Event: 20251.893 Thread 0x0000029430b40830 Thread added: 0x0000029430b3fb10
Event: 20251.897 Thread 0x0000029430b3fb10 Thread added: 0x0000029430b401a0


Dynamic libraries:
0x00007ff794250000 - 0x00007ff79425a000 	D:\Android Studio\jbr\bin\java.exe
0x00007ffc849c0000 - 0x00007ffc84c23000 	C:\Windows\SYSTEM32\ntdll.dll
0x00007ffc83390000 - 0x00007ffc83458000 	C:\Windows\System32\KERNEL32.DLL
0x00007ffc821a0000 - 0x00007ffc82551000 	C:\Windows\System32\KERNELBASE.dll
0x00007ffc826e0000 - 0x00007ffc8282b000 	C:\Windows\System32\ucrtbase.dll
0x00007ffc756b0000 - 0x00007ffc756cb000 	D:\Android Studio\jbr\bin\VCRUNTIME140.dll
0x00007ffc7dd70000 - 0x00007ffc7dd88000 	D:\Android Studio\jbr\bin\jli.dll
0x00007ffc84010000 - 0x00007ffc841d8000 	C:\Windows\System32\USER32.dll
0x00007ffc820f0000 - 0x00007ffc82117000 	C:\Windows\System32\win32u.dll
0x00007ffc83690000 - 0x00007ffc836ba000 	C:\Windows\System32\GDI32.dll
0x00007ffc81db0000 - 0x00007ffc81ed5000 	C:\Windows\System32\gdi32full.dll
0x00007ffc81ee0000 - 0x00007ffc81f83000 	C:\Windows\System32\msvcp_win.dll
0x00007ffc75ba0000 - 0x00007ffc75e30000 	C:\Windows\WinSxS\amd64_microsoft.windows.common-controls_6595b64144ccf1df_6.0.26100.2161_none_3e0cadb0e33078e1\COMCTL32.dll
0x00007ffc848d0000 - 0x00007ffc84979000 	C:\Windows\System32\msvcrt.dll
0x00007ffc829f0000 - 0x00007ffc82a1f000 	C:\Windows\System32\IMM32.DLL
0x00007ffc756a0000 - 0x00007ffc756ac000 	D:\Android Studio\jbr\bin\vcruntime140_1.dll
0x00007ffc701c0000 - 0x00007ffc7024d000 	D:\Android Studio\jbr\bin\msvcp140.dll
0x00007ffc37f00000 - 0x00007ffc38b96000 	D:\Android Studio\jbr\bin\server\jvm.dll
0x00007ffc82830000 - 0x00007ffc828e4000 	C:\Windows\System32\ADVAPI32.dll
0x00007ffc83f60000 - 0x00007ffc84006000 	C:\Windows\System32\sechost.dll
0x00007ffc82c10000 - 0x00007ffc82d26000 	C:\Windows\System32\RPCRT4.dll
0x00007ffc836c0000 - 0x00007ffc83734000 	C:\Windows\System32\WS2_32.dll
0x00007ffc80fa0000 - 0x00007ffc80fee000 	C:\Windows\SYSTEM32\POWRPROF.dll
0x00007ffc73f80000 - 0x00007ffc73fb6000 	C:\Windows\SYSTEM32\WINMM.dll
0x00007ffc78970000 - 0x00007ffc7897b000 	C:\Windows\SYSTEM32\VERSION.dll
0x00007ffc80f30000 - 0x00007ffc80f44000 	C:\Windows\SYSTEM32\UMPDC.dll
0x00007ffc80c70000 - 0x00007ffc80c8a000 	C:\Windows\SYSTEM32\kernel.appcore.dll
0x00007ffc75690000 - 0x00007ffc7569a000 	D:\Android Studio\jbr\bin\jimage.dll
0x00007ffc6dae0000 - 0x00007ffc6dd21000 	C:\Windows\SYSTEM32\DBGHELP.DLL
0x00007ffc82e40000 - 0x00007ffc831bd000 	C:\Windows\System32\combase.dll
0x00007ffc82910000 - 0x00007ffc829e6000 	C:\Windows\System32\OLEAUT32.dll
0x00007ffc6bbf0000 - 0x00007ffc6bc29000 	C:\Windows\SYSTEM32\dbgcore.DLL
0x00007ffc81f90000 - 0x00007ffc82029000 	C:\Windows\System32\bcryptPrimitives.dll
0x00007ffc7eea0000 - 0x00007ffc7eeae000 	D:\Android Studio\jbr\bin\instrument.dll
0x00007ffc75670000 - 0x00007ffc75690000 	D:\Android Studio\jbr\bin\java.dll
0x00007ffc74fb0000 - 0x00007ffc74fc8000 	D:\Android Studio\jbr\bin\zip.dll
0x00007ffc83740000 - 0x00007ffc83e3f000 	C:\Windows\System32\SHELL32.dll
0x00007ffc7fb70000 - 0x00007ffc8039d000 	C:\Windows\SYSTEM32\windows.storage.dll
0x00007ffc82b20000 - 0x00007ffc82bf3000 	C:\Windows\System32\SHCORE.dll
0x00007ffc82ac0000 - 0x00007ffc82b1d000 	C:\Windows\System32\shlwapi.dll
0x00007ffc81cc0000 - 0x00007ffc81cee000 	C:\Windows\SYSTEM32\profapi.dll
0x00007ffc74ef0000 - 0x00007ffc74f00000 	D:\Android Studio\jbr\bin\net.dll
0x00007ffc7ae00000 - 0x00007ffc7af26000 	C:\Windows\SYSTEM32\WINHTTP.dll
0x00007ffc81210000 - 0x00007ffc81278000 	C:\Windows\system32\mswsock.dll
0x00007ffc748c0000 - 0x00007ffc748d6000 	D:\Android Studio\jbr\bin\nio.dll
0x00007ffc7dd60000 - 0x00007ffc7dd70000 	D:\Android Studio\jbr\bin\verify.dll
0x00007ffc71730000 - 0x00007ffc71757000 	C:\Users\Admin\.gradle\native\1def1411415f61bf3af743bc5b6707747c0891f09f0c88961ee8f79bc544acac\windows-amd64\native-platform.dll
0x00007ffc70140000 - 0x00007ffc701b8000 	C:\Users\Admin\.gradle\native\0.2.7\x86_64-windows-gnu\gradle-fileevents.dll
0x00007ffc757a0000 - 0x00007ffc757a9000 	D:\Android Studio\jbr\bin\management.dll
0x00007ffc75790000 - 0x00007ffc7579b000 	D:\Android Studio\jbr\bin\management_ext.dll
0x00007ffc83e50000 - 0x00007ffc83e58000 	C:\Windows\System32\PSAPI.DLL
0x00007ffc80690000 - 0x00007ffc806c1000 	C:\Windows\SYSTEM32\IPHLPAPI.DLL
0x00007ffc82a30000 - 0x00007ffc82a3a000 	C:\Windows\System32\NSI.dll
0x00007ffc73f60000 - 0x00007ffc73f69000 	D:\Android Studio\jbr\bin\extnet.dll
0x00007ffc814c0000 - 0x00007ffc814dc000 	C:\Windows\SYSTEM32\CRYPTSP.dll
0x00007ffc80b60000 - 0x00007ffc80b98000 	C:\Windows\system32\rsaenh.dll
0x00007ffc812b0000 - 0x00007ffc812db000 	C:\Windows\SYSTEM32\USERENV.dll
0x00007ffc816f0000 - 0x00007ffc81716000 	C:\Windows\SYSTEM32\bcrypt.dll
0x00007ffc814b0000 - 0x00007ffc814bc000 	C:\Windows\SYSTEM32\CRYPTBASE.dll
0x00007ffc73f70000 - 0x00007ffc73f78000 	C:\Windows\system32\wshunix.dll
0x00007ffc80730000 - 0x00007ffc80855000 	C:\Windows\SYSTEM32\DNSAPI.dll
0x00007ffc7b490000 - 0x00007ffc7b49b000 	C:\Windows\System32\rasadhlp.dll
0x00007ffc78a20000 - 0x00007ffc78aa6000 	C:\Windows\System32\fwpuclnt.dll
0x00007ffc72ad0000 - 0x00007ffc72ae8000 	C:\Windows\system32\napinsp.dll
0x00007ffc68270000 - 0x00007ffc68282000 	C:\Windows\System32\winrnr.dll
0x00007ffc67180000 - 0x00007ffc671a2000 	C:\Windows\system32\nlansp_c.dll
0x00007ffc7ab70000 - 0x00007ffc7ab86000 	C:\Windows\system32\wshbth.dll
0x00007ffc7dd30000 - 0x00007ffc7dd37000 	D:\Android Studio\jbr\bin\rmi.dll
0x00007ffc80d90000 - 0x00007ffc80dc5000 	C:\Windows\SYSTEM32\ntmarta.dll

JVMTI agents:
C:\Users\Admin\.gradle\wrapper\dists\gradle-8.13-bin\5xuhj0ry160q40clulazy9h7d\gradle-8.13\lib\agents\gradle-instrumentation-agent-8.13.jar path:D:\Android Studio\jbr\bin\instrument.dll, loaded, initialized, instrumentlib options:none

dbghelp: loaded successfully - version: 4.0.5 - missing functions: none
symbol engine: initialized successfully - sym options: 0x614 - pdb path: .;D:\Android Studio\jbr\bin;C:\Windows\SYSTEM32;C:\Windows\WinSxS\amd64_microsoft.windows.common-controls_6595b64144ccf1df_6.0.26100.2161_none_3e0cadb0e33078e1;D:\Android Studio\jbr\bin\server;C:\Users\Admin\.gradle\native\1def1411415f61bf3af743bc5b6707747c0891f09f0c88961ee8f79bc544acac\windows-amd64;C:\Users\Admin\.gradle\native\0.2.7\x86_64-windows-gnu

VM Arguments:
jvm_args: --add-opens=java.base/java.lang=ALL-UNNAMED --add-opens=java.base/java.lang.invoke=ALL-UNNAMED --add-opens=java.base/java.util=ALL-UNNAMED --add-opens=java.prefs/java.util.prefs=ALL-UNNAMED --add-exports=jdk.compiler/com.sun.tools.javac.api=ALL-UNNAMED --add-exports=jdk.compiler/com.sun.tools.javac.util=ALL-UNNAMED --add-opens=java.base/java.util=ALL-UNNAMED --add-opens=java.prefs/java.util.prefs=ALL-UNNAMED --add-opens=java.base/java.nio.charset=ALL-UNNAMED --add-opens=java.base/java.net=ALL-UNNAMED --add-opens=java.base/java.util.concurrent.atomic=ALL-UNNAMED --add-opens=java.xml/javax.xml.namespace=ALL-UNNAMED -Xmx2048m -Dfile.encoding=UTF-8 -Duser.country=419 -Duser.language=es -Duser.variant -javaagent:C:\Users\Admin\.gradle\wrapper\dists\gradle-8.13-bin\5xuhj0ry160q40clulazy9h7d\gradle-8.13\lib\agents\gradle-instrumentation-agent-8.13.jar 
java_command: org.gradle.launcher.daemon.bootstrap.GradleDaemon 8.13
java_class_path (initial): C:\Users\Admin\.gradle\wrapper\dists\gradle-8.13-bin\5xuhj0ry160q40clulazy9h7d\gradle-8.13\lib\gradle-daemon-main-8.13.jar
Launcher Type: SUN_STANDARD

[Global flags]
     intx CICompilerCount                          = 3                                         {product} {ergonomic}
     uint ConcGCThreads                            = 1                                         {product} {ergonomic}
     uint G1ConcRefinementThreads                  = 4                                         {product} {ergonomic}
   size_t G1HeapRegionSize                         = 1048576                                   {product} {ergonomic}
    uintx GCDrainStackTargetSize                   = 64                                        {product} {ergonomic}
   size_t InitialHeapSize                          = 117440512                                 {product} {ergonomic}
   size_t MarkStackSize                            = 4194304                                   {product} {ergonomic}
   size_t MaxHeapSize                              = 2147483648                                {product} {command line}
   size_t MaxNewSize                               = 1287651328                                {product} {ergonomic}
   size_t MinHeapDeltaBytes                        = 1048576                                   {product} {ergonomic}
   size_t MinHeapSize                              = 8388608                                   {product} {ergonomic}
    uintx NonNMethodCodeHeapSize                   = 5832780                                {pd product} {ergonomic}
    uintx NonProfiledCodeHeapSize                  = 122912730                              {pd product} {ergonomic}
    uintx ProfiledCodeHeapSize                     = 122912730                              {pd product} {ergonomic}
    uintx ReservedCodeCacheSize                    = 251658240                              {pd product} {ergonomic}
     bool SegmentedCodeCache                       = true                                      {product} {ergonomic}
   size_t SoftMaxHeapSize                          = 2147483648                             {manageable} {ergonomic}
     bool UseCompressedOops                        = true                           {product lp64_product} {ergonomic}
     bool UseG1GC                                  = true                                      {product} {ergonomic}
     bool UseLargePagesIndividualAllocation        = false                                  {pd product} {ergonomic}

Logging:
Log output configuration:
 #0: stdout all=warning uptime,level,tags foldmultilines=false
 #1: stderr all=off uptime,level,tags foldmultilines=false

Environment Variables:
PATH=C:\Windows\system32;C:\Windows;C:\Windows\System32\Wbem;C:\Windows\System32\WindowsPowerShell\v1.0\;C:\Windows\System32\OpenSSH\;C:\Program Files\Git\cmd;C:\Program Files\dotnet\;C:\Users\Admin\AppData\Local\Microsoft\WindowsApps
USERNAME=Admin
OS=Windows_NT
PROCESSOR_IDENTIFIER=Intel64 Family 6 Model 76 Stepping 4, GenuineIntel
TMP=C:\Users\Admin\AppData\Local\Temp
TEMP=C:\Users\Admin\AppData\Local\Temp




Periodic native trim disabled

JNI global refs:
JNI global refs: 29, weak refs: 514

JNI global refs memory usage: 835, weak refs: 14297

Process memory usage:
Resident Set Size: 1286564K (17% of 7239632K total physical memory with 516424K free physical memory)

OOME stack traces (most recent first):
Classloader memory used:
Loader org.gradle.internal.classloader.VisitableURLClassLoader                         : 117M
Loader org.gradle.internal.classloader.VisitableURLClassLoader$InstrumentingVisitableURLClassLoader: 67948K
Loader bootstrap                                                                       : 37572K
Loader java.net.URLClassLoader                                                         : 22003K
Loader org.gradle.initialization.MixInLegacyTypesClassLoader                           : 15564K
Loader jdk.internal.loader.ClassLoaders$AppClassLoader                                 : 10084K
Loader jdk.internal.loader.ClassLoaders$PlatformClassLoader                            : 1263K
Loader jdk.internal.reflect.DelegatingClassLoader                                      : 810K
Loader org.gradle.internal.classloader.VisitableURLClassLoader                         : 478K
Loader jdk.internal.jrtfs.JrtFileSystemProvider$JrtFsLoader                            : 340K
Loader org.gradle.groovy.scripts.internal.DefaultScriptCompilationHandler$ScriptClassLoader: 184K
Loader org.codehaus.groovy.runtime.callsite.CallSiteClassLoader                        : 35784B
Loader sun.reflect.misc.MethodUtil                                                     : 2984B


[error occurred during error reporting (Classloader stats), id 0xe0000001, Out of Memory Error (s\src\hotspot\share\memory\arena.cpp:168)]
---------------  S Y S T E M  ---------------

OS:
 Windows 11 , 64 bit Build 26100 (10.0.26100.2161)
OS uptime: 0 days 22:35 hours

CPU: total 4 (initial active 4) (4 cores per cpu, 1 threads per core) family 6 model 76 stepping 4 microcode 0x411, cx8, cmov, fxsr, mmx, 3dnowpref, sse, sse2, sse3, ssse3, sse4.1, sse4.2, popcnt, tsc, tscinvbit, aes, erms, clmul, clflush, rdtscp
Processor Information for the first 4 processors :
  Max Mhz: 1601, Current Mhz: 1601, Mhz Limit: 1601

Memory: 4k page, system-wide physical 7069M (467M free)
TotalPageFile size 9869M (AvailPageFile size 2M)
current process WorkingSet (physical memory assigned to process): 1264M, peak: 1264M
current process commit charge ("private bytes"): 1461M, peak: 1587M

vm_info: OpenJDK 64-Bit Server VM (21.0.8+-14196175-b1038.72) for windows-amd64 JRE (21.0.8+-14196175-b1038.72), built on 2025-10-01T10:24:33Z by "builder" with MS VC++ 16.10 / 16.11 (VS2019)

END.
